transaction_id,transaction_amount,merchant_category,hour_of_day,day_of_week,distance_from_home_km,num_transactions_last_hour,card_present,transaction_country_match,customer_age,account_age_months,is_fraud
1,57.31,restaurant,19,0,7.8,0,1,1,69,113,0
2,362.21,restaurant,6,3,0.6,1,1,1,60,152,0
3,159.01,gas_station,23,3,27.0,1,1,1,63,7,0
4,110.55,travel,7,1,3.5,3,1,1,39,86,0
5,21.35,restaurant,8,1,6.0,1,0,1,67,58,0
6,21.35,online_retail,13,6,30.6,3,1,1,37,149,0
7,8.18,restaurant,4,2,20.6,0,1,1,58,214,0
8,242.35,online_retail,20,5,3.7,1,1,1,79,161,0
9,111.29,restaurant,18,0,1.1,1,0,1,64,44,0
10,148.75,online_retail,20,5,18.9,0,1,1,60,25,0
11,3.5,restaurant,15,4,7.4,4,1,1,22,95,0
12,421.43,restaurant,23,4,21.8,0,1,1,32,208,0
13,215.37,electronics,11,3,8.8,3,1,1,73,116,0
14,29.64,online_retail,20,0,6.4,1,1,1,19,143,0
15,25.08,online_retail,3,5,9.0,0,0,1,29,157,0
16,25.31,online_retail,7,3,20.7,3,1,1,76,83,0
17,139.03,grocery,6,4,121.0,1,0,1,74,52,1
18,90.27,restaurant,14,1,0.8,2,1,1,77,17,0
19,68.86,online_retail,5,0,11.1,3,0,1,72,218,0
20,42.31,gas_station,4,0,0.5,1,1,1,24,228,0
21,114.56,grocery,13,5,9.5,0,1,0,19,36,0
22,19.03,electronics,20,6,32.5,1,0,1,25,163,0
23,42.46,online_retail,12,2,6.7,1,1,0,26,168,0
24,55.75,online_retail,9,5,40.4,0,0,1,75,151,0
25,74.07,grocery,17,1,14.9,2,1,1,44,201,0
26,185.55,restaurant,3,6,40.8,0,0,1,45,162,0
27,27.73,gas_station,7,6,21.2,1,1,1,54,186,0
28,87.64,electronics,23,6,1.6,1,0,1,32,82,0
29,108.7,online_retail,10,1,3.9,3,1,1,36,128,0
30,6.71,restaurant,16,3,7.5,3,1,1,47,80,0
31,113.24,gas_station,17,0,2.8,1,0,1,68,189,0
32,23.44,gas_station,20,3,10.2,1,0,1,30,224,0
33,9.07,electronics,10,1,9.6,1,1,1,62,156,0
34,357.84,travel,15,2,46.9,0,1,1,23,60,0
35,405.48,gas_station,11,0,8.5,0,1,1,47,160,0
36,199.28,travel,12,1,23.1,1,1,1,18,58,0
37,44.59,gas_station,15,2,42.7,1,1,1,59,82,0
38,13.33,electronics,22,5,31.4,0,0,0,76,44,0
39,139.33,grocery,20,4,3.5,1,1,1,74,162,0
40,70.61,electronics,0,6,10.3,3,1,0,55,221,0
41,16.62,electronics,15,1,6.4,0,0,1,42,149,0
42,83.03,grocery,14,4,7.7,1,1,0,52,124,0
43,5.2,grocery,5,3,6.7,1,1,1,43,1,0
44,289.05,restaurant,11,4,26.3,2,0,1,30,183,0
45,36.93,gas_station,7,1,9.0,1,0,1,36,208,0
46,131.35,restaurant,6,4,11.1,4,0,1,27,177,0
47,107.55,grocery,1,6,161.0,1,0,1,62,97,1
48,89.09,travel,11,0,0.9,0,1,1,24,21,0
49,95.95,travel,20,1,10.0,0,1,1,32,99,0
50,25.53,electronics,13,2,22.3,1,0,1,40,183,0
51,420.14,online_retail,15,4,2.5,3,1,0,53,155,0
52,180.07,electronics,10,0,14.2,0,1,1,60,148,0
53,337.61,electronics,19,6,4.1,0,0,1,48,223,0
54,271.26,online_retail,8,3,30.3,3,0,1,79,144,0
55,110.33,gas_station,9,3,5.9,2,1,1,25,206,0
56,306.93,grocery,16,6,6.0,1,0,1,76,48,0
57,12.12,travel,11,4,13.7,0,0,1,47,32,0
58,27.18,electronics,5,3,3.0,0,0,1,51,233,0
59,6.55,online_retail,18,2,5.0,1,0,1,50,32,0
60,48.22,restaurant,10,1,8.1,0,1,1,18,181,0
61,60.06,electronics,8,0,6.5,1,0,1,33,124,0
62,38.99,travel,20,5,11.2,3,1,1,67,181,0
63,212.75,grocery,5,4,13.7,0,0,1,28,130,0
64,53.95,electronics,23,3,12.5,1,0,1,44,185,0
65,40.58,electronics,15,1,15.9,0,1,1,39,237,0
66,94.89,gas_station,19,5,5.5,0,1,1,57,22,0
67,19.23,online_retail,15,2,2.0,3,1,1,36,229,0
68,195.46,restaurant,5,3,21.5,0,0,1,61,52,0
69,10.3,restaurant,4,3,28.5,2,0,1,23,209,0
70,521.1,grocery,20,0,4.5,1,1,1,73,96,0
71,178.54,travel,3,2,7.8,0,1,1,74,230,0
72,27.58,grocery,1,2,10.4,1,0,1,65,209,0
73,1.66,electronics,5,4,11.4,0,1,1,57,186,0
74,203.79,electronics,8,5,16.2,2,1,1,56,162,0
75,148.25,restaurant,16,0,0.6,2,1,1,37,199,0
76,157.68,travel,13,4,19.2,2,0,1,20,221,0
77,178.03,online_retail,6,0,1.0,0,0,1,72,145,0
78,10.23,travel,21,2,9.5,2,1,0,18,216,0
79,54.27,electronics,18,0,26.4,2,1,1,40,200,0
80,15.78,online_retail,0,0,9.0,4,1,1,55,23,0
81,239.62,travel,19,0,2.4,0,0,1,20,33,0
82,118.16,travel,14,1,63.0,1,1,1,79,157,0
83,49.22,online_retail,17,1,33.0,1,1,1,68,19,0
84,8.88,electronics,2,5,22.1,0,1,1,51,121,0
85,45.7,travel,17,5,8.0,0,0,1,34,69,0
86,139.67,online_retail,1,6,16.4,4,1,1,65,37,1
87,157.95,gas_station,9,2,42.6,0,1,1,44,215,0
88,122.79,gas_station,10,0,11.4,1,0,1,70,123,0
89,262.87,electronics,23,2,28.7,1,0,0,78,154,0
90,77.69,online_retail,2,1,6.3,2,1,1,56,24,0
91,16.28,gas_station,6,0,6.1,2,1,1,40,54,0
92,150.9,online_retail,7,4,63.5,1,1,1,55,21,0
93,172.65,travel,18,1,11.1,2,1,1,28,97,0
94,99.87,electronics,17,1,2.3,0,1,1,32,90,0
95,177.87,gas_station,12,1,3.7,0,1,1,43,138,0
96,82.7,travel,12,6,9.9,0,1,1,71,42,0
97,89.76,grocery,23,0,0.7,1,0,1,28,157,0
98,67.94,grocery,18,5,9.3,0,1,1,24,185,0
99,4.09,electronics,22,3,8.1,2,1,1,64,163,0
100,14.7,gas_station,11,4,22.7,2,1,0,65,28,0
101,4.83,gas_station,16,4,6.6,1,1,1,25,140,0
102,122.41,gas_station,21,2,60.7,2,1,1,22,58,0
103,46.29,online_retail,11,0,3.0,1,0,1,34,127,0
104,86.25,travel,12,5,13.4,1,1,1,40,172,0
105,286.75,gas_station,11,1,1.4,0,0,1,19,7,0
106,35.41,travel,18,3,19.9,1,1,1,44,144,0
107,64.39,electronics,13,0,78.8,1,1,1,80,212,0
108,170.05,gas_station,6,0,25.7,0,1,1,38,93,0
109,32.18,electronics,12,6,12.2,2,1,1,24,35,0
110,10.61,gas_station,5,5,9.9,1,0,1,72,92,0
111,42.06,grocery,23,3,27.0,1,0,1,74,7,0
112,22.1,restaurant,18,1,41.2,0,1,1,70,214,0
113,1302.96,electronics,18,0,332.2,1,1,1,55,14,1
114,199.11,gas_station,3,4,7.6,0,1,1,43,59,0
115,121.42,restaurant,18,4,70.5,2,0,1,47,228,0
116,247.18,electronics,8,3,2.5,1,1,1,29,62,0
117,196.36,online_retail,15,1,4.4,1,1,1,65,202,0
118,25.78,gas_station,3,3,1.4,1,1,1,28,120,0
119,268.7,online_retail,5,0,4.8,2,1,1,71,66,0
120,94.01,grocery,7,6,21.9,1,1,1,34,22,0
121,198.68,gas_station,23,6,28.8,1,1,1,27,144,0
122,272.71,grocery,15,4,22.6,5,1,1,72,99,0
123,46.93,restaurant,4,6,15.0,1,1,1,65,239,0
124,14.99,electronics,20,2,10.8,0,1,1,33,232,0
125,32.04,travel,21,3,18.5,2,1,1,32,240,0
126,67.85,grocery,9,6,7.4,0,1,1,75,203,0
127,205.46,travel,22,2,27.6,2,1,1,32,120,0
128,237.56,travel,12,2,17.0,3,1,1,72,235,0
129,1.84,electronics,13,5,18.0,1,1,1,37,43,0
130,86.79,restaurant,6,4,11.5,1,1,1,21,97,0
131,65.83,electronics,19,3,32.5,1,1,1,49,98,0
132,31.14,gas_station,5,2,4.4,2,1,1,76,116,0
133,16.32,grocery,6,0,7.2,3,1,1,39,225,0
134,50.43,travel,4,6,22.6,1,1,1,52,211,0
135,344.57,electronics,20,5,10.2,1,0,1,31,148,0
136,47.85,electronics,17,1,33.0,1,1,1,47,138,0
137,88.77,electronics,22,6,6.4,0,0,1,48,147,0
138,146.69,grocery,11,6,6.9,2,0,1,27,235,0
139,55.24,restaurant,5,6,32.9,0,1,1,23,12,0
140,429.14,electronics,0,5,9.4,2,0,1,44,138,0
141,394.84,grocery,3,1,10.9,1,1,1,28,71,0
142,35.81,travel,18,4,6.1,0,1,1,53,184,0
143,83.52,gas_station,11,3,4.9,3,1,1,27,104,0
144,43.95,online_retail,14,3,16.0,1,1,1,33,11,0
145,41.23,grocery,2,1,1.9,1,1,1,41,208,0
146,5.51,online_retail,22,6,31.7,1,1,1,38,225,0
147,113.86,electronics,19,0,22.7,0,1,1,78,61,0
148,84.82,electronics,7,1,3.2,2,1,1,57,126,0
149,7.34,grocery,10,1,17.8,1,1,1,58,166,0
150,40.2,online_retail,15,3,13.8,0,1,1,53,17,0
151,287.66,electronics,8,2,3.1,2,0,1,66,54,0
152,33.86,travel,2,0,4.8,1,1,1,59,173,0
153,19.78,restaurant,4,3,7.9,2,1,1,72,153,0
154,81.67,restaurant,19,5,18.0,2,1,1,62,106,0
155,510.28,electronics,13,1,15.3,2,0,1,40,159,0
156,34.26,online_retail,14,2,11.4,1,1,1,38,106,0
157,134.82,gas_station,5,0,21.9,2,0,1,49,193,0
158,593.93,electronics,3,4,99.1,1,1,1,70,39,1
159,33.56,gas_station,7,0,14.4,2,1,1,34,20,0
160,157.33,gas_station,18,0,23.2,0,0,1,80,73,0
161,56.02,online_retail,4,6,6.1,1,0,1,68,43,0
162,121.06,gas_station,12,1,32.0,0,1,1,34,116,0
163,121.46,travel,15,1,14.3,5,1,1,72,194,0
164,93.09,online_retail,0,4,25.9,0,0,1,38,129,0
165,12.36,electronics,12,4,11.9,0,1,1,77,55,0
166,217.44,travel,21,4,3.7,0,1,1,21,108,0
167,47.42,grocery,10,3,11.7,0,1,1,79,103,0
168,25.77,restaurant,20,3,7.0,1,1,1,40,179,0
169,6.0,electronics,7,1,17.9,0,0,1,42,133,0
170,108.25,electronics,7,1,9.7,0,1,1,49,140,0
171,136.82,electronics,23,4,27.1,1,0,1,23,14,0
172,3.01,travel,13,3,17.0,1,1,1,31,188,0
173,87.12,grocery,12,2,17.3,5,1,1,58,103,0
174,31.82,online_retail,2,3,3.7,3,1,0,55,224,0
175,125.33,grocery,3,1,62.3,2,0,1,59,40,0
176,23.99,travel,19,3,27.6,1,0,1,74,238,0
177,141.91,electronics,14,1,23.3,1,0,1,55,108,0
178,194.75,restaurant,14,4,19.1,0,1,1,79,137,1
179,332.24,electronics,20,6,11.5,0,0,1,58,170,0
180,18.75,online_retail,12,4,2.2,0,0,1,62,42,0
181,51.06,gas_station,8,4,11.6,1,1,1,33,33,0
182,15.45,restaurant,9,2,2.4,0,1,1,79,25,0
183,311.34,electronics,11,6,12.1,3,1,0,49,118,0
184,252.8,restaurant,13,2,15.7,3,1,1,33,230,0
185,36.8,gas_station,0,1,7.4,2,0,1,36,78,0
186,130.45,grocery,13,0,10.4,0,1,1,54,9,0
187,204.94,travel,13,5,31.3,1,1,1,60,119,0
188,98.22,electronics,7,2,1.7,0,1,1,38,119,0
189,91.51,online_retail,15,1,23.5,1,1,1,32,91,0
190,34.23,grocery,13,6,2.8,2,0,1,78,172,0
191,12.73,electronics,0,3,0.6,0,1,1,43,211,0
192,274.01,grocery,15,6,3.1,0,1,1,47,58,0
193,277.81,online_retail,17,4,21.7,0,0,0,57,153,0
194,121.32,electronics,6,4,7.8,0,0,1,32,116,0
195,50.69,gas_station,14,4,30.9,0,1,1,60,32,0
196,52.55,gas_station,23,1,11.2,1,1,1,78,22,0
197,156.34,online_retail,16,4,0.3,3,1,1,30,93,0
198,273.89,restaurant,18,2,18.9,0,0,1,44,55,0
199,262.74,online_retail,22,3,1.8,1,0,1,40,220,0
200,182.63,restaurant,12,4,23.4,0,1,1,51,189,0
201,124.28,electronics,8,1,2.8,1,1,1,76,108,0
202,11.55,restaurant,23,3,6.4,0,1,1,51,185,0
203,22.16,electronics,23,4,21.5,2,1,1,40,77,0
204,275.59,electronics,14,0,46.3,1,1,1,75,61,0
205,372.1,travel,2,4,25.6,1,1,1,61,122,1
206,2.11,electronics,23,5,26.5,2,1,1,75,92,0
207,13.84,restaurant,0,6,3.2,2,0,1,37,67,0
208,131.7,travel,15,2,24.7,1,1,1,71,222,0
209,1.61,travel,7,3,16.1,2,0,1,26,203,0
210,22.04,electronics,22,2,3.2,2,1,1,75,130,0
211,412.83,online_retail,12,0,29.0,0,0,1,76,114,1
212,142.28,online_retail,7,0,2.1,0,1,1,37,185,0
213,127.65,gas_station,16,5,7.2,3,1,1,64,121,0
214,31.47,travel,21,2,3.4,1,1,1,56,201,0
215,150.45,electronics,22,3,15.5,0,1,1,74,161,0
216,33.5,online_retail,13,0,78.1,1,0,1,31,218,0
217,48.24,electronics,20,0,0.2,2,1,0,66,63,0
218,165.68,electronics,20,4,11.7,1,1,1,43,144,0
219,126.85,travel,6,5,12.8,3,1,1,44,217,0
220,228.03,gas_station,14,6,36.8,1,0,1,51,129,0
221,129.62,travel,15,1,10.6,0,1,1,46,85,0
222,101.81,grocery,18,6,11.8,2,1,1,49,64,0
223,12.8,online_retail,5,6,9.6,0,0,1,58,212,0
224,56.01,online_retail,22,0,4.7,1,1,1,62,120,0
225,37.98,online_retail,0,3,0.9,2,1,1,22,69,0
226,34.56,restaurant,11,3,7.9,3,1,1,21,124,0
227,434.48,electronics,17,4,0.8,1,1,1,40,121,0
228,60.93,travel,15,3,12.0,0,1,1,38,145,0
229,268.13,online_retail,11,4,5.5,0,1,1,50,40,0
230,120.68,grocery,19,0,11.4,2,0,1,58,102,0
231,191.06,online_retail,12,0,2.2,1,0,1,41,129,0
232,84.81,gas_station,7,6,40.5,2,0,1,33,13,0
233,104.22,electronics,21,0,33.7,1,1,1,49,18,0
234,82.4,electronics,0,0,3.2,3,1,1,36,68,0
235,134.64,travel,20,1,28.7,3,0,1,43,111,1
236,154.81,restaurant,6,5,14.3,1,1,1,20,14,0
237,40.55,travel,14,6,1.5,0,0,1,52,240,0
238,3.95,online_retail,21,6,6.6,1,1,1,56,133,0
239,125.44,gas_station,12,5,4.3,1,0,1,35,62,0
240,24.39,grocery,12,1,37.1,3,0,0,74,161,0
241,339.53,travel,8,0,28.7,1,1,1,69,26,0
242,370.31,restaurant,23,3,13.0,1,1,1,24,189,0
243,296.62,travel,14,4,11.0,0,1,1,49,196,0
244,212.66,electronics,3,6,135.3,1,1,1,41,30,1
245,2.87,online_retail,12,5,40.4,4,1,1,33,190,0
246,317.26,online_retail,11,2,52.3,1,1,0,70,62,0
247,68.07,online_retail,4,4,2.0,1,1,1,41,81,0
248,409.1,online_retail,6,2,2.6,1,1,1,21,220,0
249,398.65,online_retail,7,2,16.9,0,1,1,62,70,0
250,231.09,online_retail,4,6,11.7,0,1,1,49,185,0
251,42.85,grocery,8,0,0.3,0,1,1,59,91,0
252,59.36,restaurant,13,2,1.0,0,0,1,51,36,0
253,229.57,online_retail,11,0,32.8,1,0,1,36,7,0
254,46.74,restaurant,3,1,30.5,1,1,1,31,65,0
255,23.29,gas_station,19,3,6.6,0,1,1,55,202,0
256,98.65,online_retail,7,2,33.3,2,0,1,75,77,0
257,1408.97,travel,16,6,32.9,1,1,0,30,41,1
258,143.9,online_retail,7,3,24.6,0,1,1,39,32,0
259,102.29,electronics,20,0,8.4,2,1,1,77,142,0
260,13.27,grocery,0,2,1.8,0,1,1,48,161,0
261,115.54,travel,19,4,8.5,1,1,1,61,30,0
262,554.27,travel,1,6,9.2,0,0,1,61,201,0
263,19.11,electronics,3,1,12.0,2,1,1,47,6,0
264,88.66,online_retail,23,5,1.7,2,0,1,40,10,0
265,252.83,grocery,20,1,71.3,2,1,1,29,203,0
266,163.0,travel,0,2,4.2,0,0,1,60,103,0
267,144.29,grocery,6,6,3.3,2,1,1,31,20,0
268,146.47,travel,0,1,11.2,4,1,1,53,89,0
269,54.46,online_retail,8,5,11.6,0,0,1,62,124,0
270,133.16,gas_station,2,4,48.7,1,0,1,25,118,1
271,199.88,travel,11,3,22.2,1,1,1,41,12,0
272,200.36,gas_station,18,4,10.9,0,0,1,76,22,0
273,243.15,travel,14,1,14.1,2,1,1,72,76,0
274,1348.69,restaurant,21,5,112.4,1,0,1,20,14,1
275,86.93,online_retail,15,3,0.4,2,0,1,31,106,0
276,84.54,electronics,9,6,12.7,2,1,1,68,176,0
277,193.11,gas_station,21,5,32.3,1,1,1,67,182,0
278,126.97,electronics,5,4,0.3,1,1,1,28,36,0
279,146.27,online_retail,16,0,7.8,0,0,1,62,189,0
280,191.63,electronics,20,0,39.1,1,1,1,72,55,0
281,265.88,online_retail,21,3,6.5,3,1,1,79,14,0
282,50.5,electronics,23,3,9.2,2,1,1,55,2,0
283,57.51,gas_station,16,3,59.9,2,0,1,45,2,0
284,12.84,restaurant,20,0,3.3,1,1,1,40,61,0
285,341.13,electronics,18,4,4.9,1,0,1,35,107,1
286,5.39,gas_station,17,3,29.4,1,0,1,37,107,0
287,76.19,travel,10,0,30.4,3,1,1,50,134,0
288,94.88,online_retail,23,3,9.6,3,1,1,19,153,0
289,41.52,grocery,6,3,10.8,2,0,1,56,195,0
290,108.24,grocery,9,5,27.1,1,1,1,54,23,0
291,4.72,online_retail,6,3,20.1,1,0,1,43,73,0
292,26.77,restaurant,4,0,21.9,4,0,1,68,95,1
293,208.52,electronics,11,4,0.3,1,1,1,19,28,0
294,54.59,restaurant,15,0,9.8,0,1,1,20,25,0
295,17.31,grocery,20,0,29.4,1,1,1,37,99,0
296,89.64,gas_station,17,3,33.9,0,1,1,27,65,0
297,177.36,online_retail,2,5,46.9,1,1,1,59,194,0
298,30.17,online_retail,19,2,31.7,0,1,1,38,207,0
299,118.03,restaurant,14,6,13.0,0,1,1,57,43,0
300,11.71,gas_station,4,2,8.8,0,1,0,26,40,0
301,7.37,restaurant,12,2,22.4,0,1,1,19,208,0
302,91.95,electronics,18,0,20.2,1,0,1,45,23,0
303,94.35,travel,11,3,11.6,1,1,1,20,177,0
304,122.74,gas_station,22,6,1.4,2,1,1,33,227,0
305,156.4,travel,20,2,39.1,2,0,1,21,8,0
306,447.83,electronics,4,1,9.1,2,1,1,40,128,0
307,88.15,travel,5,1,6.8,0,0,1,47,7,0
308,47.8,grocery,6,1,14.9,0,1,1,55,21,0
309,191.28,travel,9,4,16.8,1,0,0,30,35,0
310,38.9,electronics,15,3,3.5,0,1,1,23,231,0
311,70.36,travel,7,0,27.2,1,0,1,27,101,0
312,10.8,online_retail,8,0,5.1,0,0,1,72,225,0
313,4.08,restaurant,3,3,3.1,0,1,1,34,229,0
314,395.49,grocery,20,5,7.8,4,1,1,25,99,0
315,217.93,online_retail,20,6,19.7,0,0,1,26,82,0
316,608.69,online_retail,7,5,209.6,2,1,1,51,61,1
317,264.24,electronics,6,4,146.6,2,0,1,34,211,1
318,23.84,restaurant,14,3,42.3,0,1,1,69,74,0
319,21.41,restaurant,20,5,2.3,0,0,1,60,196,0
320,35.56,gas_station,2,6,1.1,1,1,1,67,158,0
321,96.61,grocery,16,4,12.2,1,1,1,39,109,0
322,151.46,electronics,10,2,5.1,1,1,0,20,225,0
323,130.53,grocery,8,2,26.4,4,1,1,58,68,0
324,40.41,gas_station,4,4,16.7,0,1,1,57,137,0
325,372.77,travel,9,3,53.0,0,1,1,46,17,0
326,161.68,online_retail,14,2,4.4,0,1,1,56,43,0
327,97.99,grocery,13,3,10.0,1,0,0,44,103,0
328,114.52,online_retail,3,5,10.4,0,1,0,56,88,0
329,66.28,electronics,20,2,4.1,2,0,0,72,185,0
330,35.16,travel,19,6,13.4,1,1,1,70,103,0
331,53.8,electronics,1,6,8.8,1,1,0,57,141,0
332,171.18,travel,11,5,8.9,2,1,1,69,185,0
333,2.74,travel,0,6,6.8,1,1,0,54,154,0
334,15.81,online_retail,23,3,0.3,0,1,1,20,189,0
335,6.65,electronics,19,3,11.1,1,1,1,36,62,0
336,5.99,electronics,4,6,6.1,3,1,1,51,19,0
337,233.1,grocery,5,1,0.0,0,1,1,31,81,0
338,146.95,electronics,23,4,5.5,0,1,1,38,30,0
339,78.13,grocery,10,0,4.9,0,1,1,77,127,0
340,13.35,restaurant,7,4,7.5,1,1,1,19,218,0
341,82.18,restaurant,6,6,2.1,1,1,1,27,13,0
342,77.97,restaurant,3,3,10.6,3,1,1,69,177,0
343,23.82,gas_station,5,3,17.7,3,1,1,59,82,0
344,69.27,electronics,15,4,14.9,1,1,1,77,121,0
345,62.0,gas_station,19,3,24.4,0,1,0,34,213,0
346,115.81,electronics,14,5,9.0,3,1,1,19,116,0
347,121.97,grocery,13,2,11.0,2,1,1,44,226,0
348,6.56,gas_station,22,3,24.9,0,0,1,18,179,0
349,57.33,gas_station,11,6,8.4,0,1,1,67,111,0
350,118.97,gas_station,11,6,18.1,2,1,1,53,9,0
351,84.93,travel,15,4,8.6,0,1,1,50,222,0
352,233.96,grocery,14,4,8.1,4,1,0,39,29,0
353,130.0,restaurant,12,4,21.4,1,0,1,66,93,0
354,22.34,grocery,10,6,2.9,2,0,0,52,110,0
355,9.78,travel,16,1,6.2,2,1,1,51,211,0
356,124.41,electronics,20,6,3.8,1,0,1,35,136,0
357,4.22,grocery,14,5,6.7,0,1,1,53,108,0
358,106.76,gas_station,13,6,3.9,2,1,1,74,81,0
359,339.07,restaurant,9,5,13.0,4,1,0,20,204,0
360,103.81,restaurant,11,6,24.0,0,1,1,61,15,0
361,59.96,electronics,15,6,23.2,1,0,1,71,197,0
362,124.7,grocery,14,1,6.8,1,0,1,33,162,0
363,74.55,travel,9,5,67.3,2,1,1,77,180,0
364,95.66,electronics,3,1,13.5,2,1,1,28,178,0
365,341.58,grocery,22,5,7.6,0,1,1,27,195,0
366,59.55,online_retail,8,1,27.1,1,0,1,68,5,0
367,390.89,restaurant,20,1,19.6,0,1,0,59,98,0
368,283.91,travel,19,5,20.8,0,1,1,38,9,0
369,27.15,gas_station,8,1,3.3,2,1,1,42,216,0
370,9.63,travel,20,6,9.5,0,0,1,52,5,0
371,13.75,gas_station,23,5,29.7,2,0,1,73,155,0
372,3.21,travel,19,1,10.5,2,1,1,23,113,0
373,12.9,restaurant,10,6,17.3,3,1,1,63,117,0
374,138.86,gas_station,10,6,13.3,0,0,1,80,84,0
375,9.86,grocery,6,4,27.7,3,0,1,61,47,0
376,47.1,gas_station,20,0,5.0,1,1,1,25,62,0
377,224.62,electronics,9,5,12.9,1,1,1,51,45,0
378,3.83,grocery,3,1,2.0,2,0,1,58,233,0
379,203.14,electronics,4,4,17.6,0,0,1,63,66,0
380,40.73,travel,4,0,19.7,2,0,1,18,23,0
381,16.09,grocery,10,1,0.7,0,1,1,20,98,0
382,144.18,travel,8,0,16.9,0,0,1,69,189,0
383,119.97,online_retail,15,5,8.0,2,1,0,55,93,0
384,252.93,travel,8,6,2.0,2,0,1,44,43,0
385,160.4,travel,21,6,8.2,2,1,1,69,163,0
386,196.24,electronics,3,0,3.2,2,1,1,30,158,0
387,40.76,gas_station,1,6,8.1,0,1,1,60,67,0
388,24.44,online_retail,13,2,7.3,0,0,1,64,138,0
389,167.65,travel,2,3,20.1,2,1,1,67,128,0
390,198.31,travel,17,6,22.3,0,1,1,36,56,0
391,559.84,online_retail,20,2,14.0,2,0,1,36,34,0
392,64.85,online_retail,5,5,0.3,1,1,1,23,65,0
393,56.83,grocery,10,5,40.1,1,1,1,64,6,0
394,180.75,electronics,20,0,17.4,3,0,1,70,198,0
395,51.01,online_retail,17,6,0.5,1,1,1,31,171,0
396,321.42,online_retail,11,6,25.6,2,0,1,22,16,0
397,235.58,restaurant,4,6,3.4,0,1,1,79,191,0
398,68.24,gas_station,8,4,13.0,2,0,1,60,193,0
399,167.77,online_retail,19,1,9.4,1,0,1,69,133,0
400,169.56,electronics,17,3,8.2,3,1,0,62,25,0
401,14.06,gas_station,18,6,33.1,2,0,1,62,27,0
402,280.41,gas_station,2,1,8.6,1,1,1,53,170,0
403,85.44,travel,8,4,1.2,2,0,1,26,117,0
404,211.16,travel,3,5,44.0,3,0,1,40,124,0
405,47.29,travel,16,3,38.0,1,1,1,49,55,0
406,272.05,travel,16,2,17.3,2,1,1,46,230,0
407,60.16,restaurant,22,5,9.5,1,0,1,62,107,0
408,2.31,online_retail,22,5,1.5,2,1,1,45,26,0
409,283.95,travel,1,0,23.5,2,1,1,57,16,0
410,12.49,grocery,8,4,1.2,0,1,1,69,109,0
411,47.16,travel,8,0,1.1,1,1,1,28,108,0
412,360.64,online_retail,4,0,11.6,0,0,1,80,90,0
413,361.95,travel,14,1,2.6,3,1,1,36,237,0
414,103.24,restaurant,14,5,0.1,1,1,1,18,101,0
415,120.91,electronics,2,4,8.3,0,0,1,26,156,0
416,72.4,electronics,18,0,2.2,1,1,1,74,220,0
417,42.64,online_retail,2,2,2.6,1,1,1,19,158,0
418,48.82,electronics,5,3,1.2,2,0,1,21,126,0
419,134.96,electronics,3,6,3.4,1,0,1,46,122,0
420,168.5,grocery,23,4,18.9,2,0,1,21,205,0
421,189.18,online_retail,12,1,24.8,2,1,1,77,89,0
422,188.06,online_retail,12,4,9.0,1,1,1,18,173,0
423,12.48,electronics,10,5,10.6,0,1,1,45,147,0
424,82.85,electronics,4,1,0.5,2,1,1,35,13,0
425,8.11,electronics,0,3,1.1,1,1,1,63,75,0
426,96.7,gas_station,8,2,4.5,3,1,1,30,112,0
427,70.91,restaurant,16,0,11.8,2,1,0,57,151,0
428,263.39,travel,21,4,20.2,2,1,1,23,14,0
429,52.86,restaurant,0,1,13.9,1,1,1,66,202,0
430,15.94,online_retail,2,3,7.5,0,1,1,72,98,0
431,19.52,grocery,14,0,1.9,0,1,1,60,104,0
432,173.01,travel,20,6,22.8,2,1,1,64,151,0
433,116.55,grocery,22,3,6.8,3,1,0,56,168,0
434,13.79,gas_station,9,2,20.0,1,0,1,39,64,0
435,11.54,online_retail,7,0,10.8,0,0,1,78,213,0
436,145.87,gas_station,11,0,20.1,0,0,1,47,187,0
437,10.07,online_retail,21,6,35.7,0,1,1,44,20,0
438,208.02,grocery,14,0,38.1,0,1,1,25,160,0
439,148.0,grocery,8,1,11.5,1,1,1,60,78,0
440,11.18,grocery,23,0,10.7,1,0,1,45,24,0
441,11.64,online_retail,9,3,4.6,0,1,1,70,46,0
442,1489.34,electronics,19,1,196.8,4,1,0,19,18,1
443,57.26,grocery,8,0,9.2,2,1,1,37,111,0
444,56.57,gas_station,14,3,2.0,0,1,1,28,94,0
445,886.77,travel,22,3,19.6,1,0,1,31,220,1
446,354.06,online_retail,20,4,2.0,1,1,0,41,176,0
447,513.25,gas_station,20,3,10.5,0,1,1,30,142,0
448,168.99,restaurant,0,6,12.4,1,1,1,25,234,0
449,57.64,restaurant,1,5,6.2,1,1,1,61,182,0
450,11.46,travel,18,2,1.1,0,0,1,38,149,0
451,181.15,electronics,13,0,43.1,2,1,1,39,98,0
452,99.08,grocery,7,6,22.3,1,0,1,26,5,0
453,155.72,online_retail,5,0,64.9,0,1,0,75,128,1
454,285.19,gas_station,11,0,6.9,0,1,1,75,159,0
455,15.15,grocery,14,3,21.5,2,0,1,59,195,0
456,82.42,gas_station,13,3,10.0,1,0,1,60,87,0
457,2.37,online_retail,20,0,3.4,1,1,1,28,231,0
458,76.88,restaurant,0,5,2.0,0,1,1,33,120,0
459,7.95,grocery,10,1,6.3,3,1,1,67,187,0
460,16.18,travel,2,1,2.2,1,1,1,70,172,0
461,16.0,electronics,18,2,95.4,1,1,1,26,64,0
462,126.71,travel,17,4,0.8,1,1,0,20,94,0
463,165.47,electronics,19,6,8.7,0,1,1,71,170,0
464,106.07,gas_station,1,2,9.0,3,0,1,53,235,0
465,393.97,grocery,6,0,5.4,0,1,1,69,222,0
466,57.38,grocery,7,6,12.7,1,0,1,68,121,0
467,41.38,electronics,18,0,2.4,1,0,0,59,100,0
468,244.54,restaurant,21,0,23.0,0,0,1,30,166,0
469,31.37,online_retail,14,4,6.1,1,0,1,18,135,0
470,397.34,travel,9,3,13.4,2,0,1,61,59,0
471,2.47,gas_station,21,4,18.9,0,0,1,28,69,0
472,421.3,travel,0,2,33.0,0,1,1,41,198,0
473,6.29,travel,5,3,27.1,0,1,1,22,49,0
474,267.13,gas_station,12,3,14.1,3,0,1,19,206,0
475,91.02,gas_station,13,2,7.4,1,1,1,34,11,0
476,595.82,grocery,2,3,10.5,3,1,0,34,101,0
477,10.2,travel,10,6,22.0,1,0,1,37,130,0
478,97.85,online_retail,2,1,31.5,2,1,1,32,223,0
479,419.03,online_retail,18,2,1.6,4,0,1,21,110,0
480,89.85,electronics,9,2,7.3,1,1,1,71,27,0
481,120.12,gas_station,14,1,22.4,0,1,1,28,144,0
482,143.79,grocery,10,4,8.5,1,1,1,40,64,0
483,73.74,online_retail,14,4,6.1,0,0,1,18,194,0
484,119.52,restaurant,23,4,7.9,1,1,1,59,177,0
485,106.34,grocery,12,3,13.9,2,0,1,67,90,0
486,278.71,grocery,4,1,128.1,1,1,1,64,16,0
487,6.58,online_retail,3,6,10.2,3,1,1,68,73,0
488,40.58,restaurant,12,2,3.5,3,1,1,74,180,0
489,361.48,electronics,8,2,2.7,0,1,1,21,116,0
490,266.16,online_retail,16,2,0.6,1,1,1,55,201,0
491,73.98,restaurant,1,3,12.3,2,1,0,19,133,0
492,117.15,grocery,23,3,11.8,0,1,1,62,164,0
493,39.98,restaurant,4,5,3.4,0,1,1,44,7,0
494,26.01,grocery,15,6,17.8,0,0,1,51,61,0
495,75.77,online_retail,6,4,20.3,0,1,1,30,96,0
496,53.31,gas_station,0,5,4.5,2,1,1,64,157,0
497,106.15,online_retail,11,5,6.3,2,1,1,78,229,0
498,10.71,travel,20,3,69.8,1,0,1,35,120,0
499,440.8,travel,10,4,7.0,1,0,1,28,195,0
500,1861.46,travel,11,4,125.9,0,0,1,22,158,1
501,144.74,online_retail,18,2,9.0,3,1,0,46,168,0
502,93.17,electronics,11,3,23.7,2,0,1,42,31,0
503,45.45,online_retail,11,4,22.0,1,0,1,31,48,0
504,852.62,gas_station,13,5,95.3,1,0,1,71,91,1
505,139.52,restaurant,1,1,28.9,2,1,0,65,6,0
506,22.3,online_retail,1,1,42.0,2,0,1,63,190,0
507,291.2,online_retail,3,3,13.0,2,1,1,58,29,0
508,208.48,grocery,19,2,4.1,1,1,0,55,137,0
509,360.01,grocery,22,2,7.6,0,1,1,58,182,0
510,156.23,grocery,15,4,21.3,1,1,1,78,84,0
511,115.05,online_retail,9,6,15.8,3,1,1,54,114,0
512,66.0,electronics,12,3,2.9,2,1,1,28,139,0
513,324.88,restaurant,1,6,0.8,1,0,1,61,19,0
514,242.25,restaurant,2,1,17.2,0,1,0,49,231,0
515,6.55,gas_station,18,5,4.3,2,1,1,66,74,0
516,4.21,electronics,5,4,10.4,2,1,1,23,133,0
517,268.26,electronics,18,5,87.2,1,0,1,69,103,1
518,200.64,restaurant,20,6,12.4,0,1,1,74,215,0
519,524.71,travel,19,4,1.3,2,1,1,23,70,0
520,20.56,grocery,18,0,3.1,2,0,1,64,95,0
521,109.21,grocery,7,5,3.7,1,1,1,80,18,0
522,58.54,restaurant,13,3,4.5,0,1,1,66,21,0
523,1563.14,electronics,9,5,35.7,7,1,1,39,143,1
524,222.51,gas_station,2,5,10.5,0,1,1,20,187,0
525,219.66,travel,5,4,3.4,2,1,1,36,223,0
526,76.89,restaurant,14,1,1.0,1,1,1,72,202,0
527,65.3,grocery,22,6,2.8,1,0,1,51,6,0
528,39.33,online_retail,22,0,62.4,0,1,1,58,24,0
529,7.96,electronics,17,5,9.5,0,1,1,58,225,0
530,241.05,online_retail,13,6,30.3,0,0,1,24,60,0
531,202.13,gas_station,18,6,28.3,1,1,1,74,28,0
532,981.69,restaurant,9,1,10.7,0,1,1,33,220,0
533,684.38,grocery,14,2,18.4,0,1,1,76,74,0
534,98.28,travel,3,0,3.2,2,1,0,55,23,0
535,176.83,online_retail,22,0,17.5,1,1,1,26,79,0
536,348.54,travel,1,6,4.8,2,0,1,75,46,0
537,228.37,gas_station,2,4,26.8,1,1,1,30,112,0
538,35.1,grocery,6,5,1.3,0,1,1,51,37,0
539,72.86,online_retail,22,2,22.3,2,0,1,63,142,0
540,17.6,gas_station,15,4,1.6,1,0,0,54,48,0
541,370.63,travel,9,3,32.0,3,1,1,60,78,0
542,112.82,travel,18,1,5.4,1,0,1,64,199,0
543,32.15,online_retail,16,1,15.9,1,1,1,23,115,0
544,134.66,grocery,18,4,10.0,0,1,1,77,36,0
545,116.52,travel,4,6,6.8,1,1,1,55,210,0
546,54.21,restaurant,22,1,15.6,1,1,1,65,60,0
547,15.46,gas_station,19,5,44.2,1,1,1,76,182,0
548,134.61,online_retail,12,1,0.6,0,1,1,69,79,0
549,89.15,electronics,12,5,37.7,1,1,1,78,113,0
550,178.58,electronics,10,3,14.1,1,1,1,21,191,0
551,89.12,grocery,10,2,24.7,1,1,1,22,97,0
552,230.41,restaurant,15,0,7.3,1,0,1,23,111,0
553,97.33,travel,14,4,9.6,1,0,1,77,48,0
554,99.77,electronics,16,4,30.5,4,1,1,30,120,0
555,252.13,grocery,21,5,8.0,0,0,1,63,150,0
556,63.0,gas_station,17,3,11.5,4,1,1,41,43,0
557,18.27,restaurant,18,3,0.3,2,1,1,45,41,0
558,4.5,restaurant,3,6,2.6,3,1,1,30,145,0
559,169.85,grocery,21,0,15.4,2,1,1,59,63,0
560,117.21,grocery,21,2,18.9,1,0,1,66,218,0
561,147.12,travel,22,4,13.1,0,0,1,73,207,0
562,29.74,grocery,4,5,2.3,1,1,1,35,232,0
563,18.59,travel,6,3,8.8,2,1,1,76,146,0
564,2.76,travel,1,4,6.6,1,1,0,80,72,0
565,52.8,online_retail,0,5,10.3,1,1,1,24,3,0
566,107.97,restaurant,11,1,30.6,0,0,1,21,54,0
567,60.76,gas_station,9,4,22.4,2,1,1,48,119,0
568,70.04,restaurant,7,2,1.3,3,1,1,41,142,0
569,282.41,restaurant,0,5,33.2,1,0,1,39,34,0
570,52.37,online_retail,11,2,9.6,1,1,0,38,127,0
571,87.58,travel,1,4,20.4,1,0,1,65,225,0
572,184.7,travel,9,1,2.3,0,1,1,59,126,0
573,61.61,grocery,21,2,16.7,0,1,1,43,229,0
574,117.77,online_retail,16,3,4.0,4,1,1,47,1,0
575,238.98,grocery,2,5,8.7,2,1,1,70,176,0
576,997.16,online_retail,6,4,1.3,1,0,1,69,99,1
577,91.34,grocery,11,1,12.6,2,1,0,79,10,1
578,314.4,electronics,7,3,1.4,2,0,1,68,83,0
579,82.3,restaurant,19,4,4.1,3,1,1,52,139,0
580,36.85,restaurant,11,6,1.6,1,0,1,79,119,0
581,74.75,gas_station,2,1,17.7,2,0,1,68,127,0
582,470.64,travel,16,3,0.4,0,1,1,40,99,0
583,82.42,gas_station,8,2,14.4,3,1,1,73,66,0
584,48.83,electronics,9,4,2.3,0,0,1,62,3,0
585,121.42,gas_station,21,4,43.6,0,1,1,57,143,0
586,33.96,restaurant,5,2,40.6,1,0,1,67,59,0
587,10.47,travel,0,6,3.8,3,1,1,47,105,0
588,17.56,electronics,21,0,14.3,3,0,1,36,192,0
589,17.44,restaurant,11,3,0.4,0,1,1,49,175,0
590,20.77,grocery,4,2,40.3,2,0,1,67,92,0
591,18.94,online_retail,12,4,11.1,2,1,1,71,130,0
592,123.89,electronics,14,3,0.7,1,0,1,76,158,0
593,25.09,travel,21,6,6.3,2,1,1,36,166,0
594,51.9,gas_station,10,3,1.2,3,1,0,39,5,0
595,273.52,gas_station,7,0,7.5,2,0,1,21,134,0
596,336.09,electronics,4,4,33.7,1,0,1,62,133,1
597,133.15,travel,1,1,9.5,0,0,0,29,12,0
598,23.7,electronics,11,0,7.3,1,1,1,32,132,0
599,26.63,travel,1,0,1.9,2,1,1,75,152,0
600,6.01,gas_station,15,1,4.2,2,1,0,32,153,0
601,23.21,restaurant,20,1,1.6,0,1,1,27,26,0
602,40.19,grocery,2,6,24.7,1,1,1,71,55,0
603,24.38,restaurant,9,6,2.2,2,1,1,78,126,0
604,12.15,grocery,18,0,13.6,1,0,1,36,46,0
605,16.43,gas_station,7,3,6.3,1,1,1,70,174,0
606,75.12,restaurant,6,2,3.8,2,0,1,25,43,0
607,28.73,restaurant,0,2,15.3,1,1,1,68,188,0
608,55.36,electronics,11,0,9.2,0,0,1,74,161,0
609,209.16,online_retail,4,3,40.7,3,1,1,48,21,1
610,141.69,gas_station,15,1,13.5,2,0,1,26,215,0
611,5.81,travel,3,5,10.1,1,1,0,46,229,0
612,193.78,gas_station,16,0,5.4,1,0,1,24,165,0
613,119.63,travel,23,4,12.3,1,1,1,25,12,0
614,11.24,travel,20,3,16.6,1,1,1,58,101,0
615,249.18,grocery,1,4,0.4,4,1,1,34,149,0
616,305.4,travel,11,4,9.4,1,1,1,32,141,0
617,8.56,travel,0,0,0.9,0,0,1,33,235,0
618,39.9,electronics,11,3,3.1,1,1,1,24,117,0
619,197.91,restaurant,11,4,12.3,3,0,1,59,33,0
620,166.52,gas_station,11,6,30.2,2,1,1,36,236,0
621,25.48,gas_station,18,6,32.2,0,0,1,55,198,0
622,29.19,travel,16,3,1.1,1,0,1,42,235,0
623,56.53,online_retail,19,2,8.1,1,1,0,29,76,0
624,80.52,gas_station,23,5,13.1,0,1,1,49,189,0
625,116.56,travel,23,4,2.4,4,1,1,64,230,0
626,56.24,grocery,10,4,21.8,1,1,1,27,120,0
627,75.51,grocery,12,3,20.5,1,1,1,76,158,0
628,166.15,grocery,7,6,35.0,2,1,1,41,37,0
629,5.48,travel,9,5,0.1,1,1,1,67,82,0
630,35.91,electronics,7,2,3.7,1,1,1,21,144,0
631,150.94,online_retail,19,4,26.3,3,1,1,79,45,0
632,271.69,travel,7,0,16.7,1,1,1,60,199,0
633,87.01,electronics,8,6,33.7,2,1,1,54,238,0
634,92.14,electronics,6,3,0.9,1,1,1,62,129,0
635,14.6,gas_station,13,3,13.6,1,1,0,59,181,0
636,72.18,travel,1,6,12.6,0,1,1,71,28,0
637,92.27,travel,10,4,0.5,1,0,1,78,181,0
638,34.32,electronics,7,2,10.8,0,1,1,56,44,0
639,38.64,electronics,12,4,14.1,2,0,1,60,67,0
640,57.84,electronics,20,6,3.2,4,1,1,21,107,0
641,3.43,gas_station,14,1,4.8,1,1,1,53,167,0
642,47.65,travel,2,4,15.3,0,1,1,54,10,0
643,29.51,electronics,22,5,9.5,3,1,1,42,51,0
644,48.61,grocery,13,6,29.3,2,0,1,58,109,0
645,16.31,travel,14,5,6.3,2,1,1,47,142,0
646,266.45,gas_station,1,6,4.7,2,0,1,18,79,0
647,109.05,grocery,18,1,62.9,1,1,0,46,134,0
648,137.4,restaurant,11,5,36.3,2,1,1,33,167,0
649,187.81,travel,19,5,0.4,0,1,1,54,237,0
650,83.8,restaurant,3,0,22.1,0,1,1,54,80,0
651,11.91,electronics,2,3,1.8,2,1,1,24,239,0
652,93.43,gas_station,4,5,0.4,1,1,1,57,82,0
653,107.07,electronics,2,3,4.8,0,0,1,68,99,0
654,165.19,gas_station,14,6,4.7,1,0,1,50,176,0
655,68.8,online_retail,18,2,25.7,0,1,1,67,153,0
656,17.38,electronics,1,4,18.6,4,1,1,39,225,0
657,41.05,restaurant,11,0,59.9,1,1,1,60,120,0
658,55.13,gas_station,4,6,18.6,1,1,1,79,33,0
659,125.59,electronics,21,1,8.1,0,0,1,71,83,0
660,102.49,travel,16,2,18.0,0,1,1,44,102,0
661,248.5,gas_station,13,0,435.3,4,0,0,46,75,1
662,517.74,gas_station,21,0,18.6,3,0,1,33,120,0
663,112.7,electronics,9,6,21.5,1,1,1,38,231,0
664,33.5,online_retail,2,1,41.8,0,1,1,28,195,0
665,13.88,electronics,3,1,1.8,3,1,1,38,102,0
666,20.91,restaurant,5,3,18.3,2,1,1,26,65,0
667,34.88,restaurant,23,4,28.5,3,1,1,44,168,0
668,22.02,gas_station,21,6,46.3,1,0,1,80,25,0
669,25.78,gas_station,15,2,3.6,1,1,1,56,57,0
670,41.27,electronics,6,4,10.5,1,0,1,39,160,0
671,23.85,restaurant,14,2,17.1,0,0,1,32,46,0
672,273.49,restaurant,20,0,4.3,2,0,1,60,100,0
673,11.04,online_retail,19,5,13.8,2,1,1,40,132,0
674,90.21,travel,10,5,4.5,3,0,1,68,119,0
675,64.4,online_retail,21,6,6.1,1,1,1,46,151,0
676,485.64,grocery,20,1,8.7,1,1,1,56,80,0
677,15.26,online_retail,0,1,11.3,1,0,1,33,75,0
678,61.87,electronics,4,0,9.0,1,0,0,20,150,0
679,419.69,travel,12,0,10.2,1,1,1,33,103,0
680,241.75,electronics,20,2,5.3,2,0,1,25,126,0
681,204.84,grocery,13,0,2.6,0,1,1,43,33,0
682,36.79,travel,8,6,0.7,0,1,1,59,41,0
683,23.49,gas_station,16,2,3.3,2,1,1,26,190,0
684,133.55,restaurant,14,4,13.1,0,1,1,52,166,0
685,319.05,online_retail,20,1,23.1,0,1,1,24,184,0
686,98.64,electronics,6,1,2.8,1,1,1,25,63,0
687,102.73,grocery,21,5,1.7,1,1,1,52,205,0
688,40.42,restaurant,21,5,20.8,0,1,1,65,85,0
689,177.1,online_retail,11,6,5.5,0,1,1,71,204,0
690,25.85,restaurant,22,1,45.4,2,1,0,78,183,0
691,47.93,online_retail,5,6,18.8,2,1,1,63,179,0
692,67.5,gas_station,20,4,5.9,1,1,1,56,90,0
693,86.02,travel,15,4,5.1,2,1,1,53,65,0
694,34.31,restaurant,4,3,11.1,1,1,1,23,105,0
695,15.64,restaurant,8,2,1.2,1,1,1,24,57,0
696,114.18,restaurant,13,5,1.9,1,1,1,29,86,0
697,41.87,travel,7,2,2.9,0,0,1,56,155,0
698,105.45,grocery,13,5,22.4,0,1,1,76,185,0
699,21.12,online_retail,11,3,10.8,0,1,1,18,183,0
700,79.73,gas_station,9,1,0.2,1,1,1,67,224,0
701,92.27,restaurant,19,6,16.8,1,1,1,60,72,0
702,7.39,travel,19,2,8.3,5,1,1,60,226,0
703,50.25,grocery,20,5,10.7,1,0,1,66,82,0
704,18.32,online_retail,12,2,3.6,1,1,1,42,4,0
705,8.86,travel,18,1,12.0,1,1,0,29,65,0
706,553.14,gas_station,14,6,58.1,1,1,1,72,184,0
707,47.7,gas_station,7,0,1.1,3,1,1,44,181,0
708,200.21,online_retail,22,5,5.0,1,0,1,40,44,0
709,36.27,restaurant,20,0,4.2,1,1,1,36,16,0
710,138.3,gas_station,9,3,4.3,0,1,1,38,94,0
711,172.37,grocery,2,6,7.1,1,1,1,67,23,0
712,109.65,travel,20,4,25.6,2,1,1,38,159,0
713,77.54,grocery,2,2,36.6,1,1,1,41,156,0
714,64.69,restaurant,4,5,3.4,0,1,1,30,178,0
715,52.49,grocery,15,2,11.7,0,1,1,59,101,0
716,319.31,grocery,16,3,15.2,0,1,1,68,16,0
717,214.07,electronics,5,3,11.1,0,1,1,53,41,0
718,403.38,grocery,19,2,8.5,0,0,1,73,137,0
719,16.93,online_retail,19,5,3.2,0,1,1,32,2,0
720,158.51,travel,15,6,10.0,0,1,1,67,110,0
721,335.34,electronics,23,1,7.7,1,0,1,18,43,0
722,24.99,travel,1,6,23.8,3,1,1,68,66,0
723,9.26,travel,19,1,21.6,2,1,1,51,96,0
724,163.17,restaurant,14,4,2.2,3,1,1,59,208,0
725,103.53,restaurant,17,6,1.4,1,1,1,79,77,0
726,222.29,electronics,0,2,35.8,0,1,1,48,177,0
727,19.07,gas_station,18,2,11.5,2,1,1,67,219,0
728,191.33,restaurant,11,5,29.3,1,1,1,49,125,0
729,28.02,restaurant,7,2,0.9,2,1,1,53,223,0
730,109.55,restaurant,5,5,43.1,0,1,0,78,97,1
731,81.41,travel,11,2,43.4,1,0,1,46,21,1
732,203.21,electronics,6,3,29.6,0,1,1,71,147,0
733,132.31,travel,17,0,1.5,0,1,1,27,112,0
734,89.85,online_retail,21,2,4.1,2,1,1,75,57,0
735,54.34,travel,13,0,7.8,2,1,1,38,77,0
736,252.66,online_retail,7,1,30.1,1,1,1,53,60,0
737,60.8,grocery,23,4,41.9,0,1,1,41,147,0
738,204.53,grocery,19,6,73.8,0,1,1,44,99,0
739,70.39,online_retail,21,6,48.0,2,1,1,38,192,0
740,57.77,online_retail,13,1,0.1,1,0,1,35,35,0
741,75.54,travel,4,2,0.7,0,1,1,69,126,0
742,44.04,online_retail,8,6,2.4,3,1,1,72,161,0
743,166.21,electronics,7,5,6.4,1,1,1,21,67,0
744,84.83,grocery,1,1,26.6,0,1,1,64,240,0
745,32.71,grocery,15,3,33.5,2,1,1,71,213,0
746,276.8,gas_station,12,0,3.1,1,1,1,35,232,0
747,59.12,online_retail,6,5,14.5,1,1,1,26,87,0
748,95.11,restaurant,15,6,37.4,2,1,1,69,48,0
749,285.34,restaurant,6,5,9.3,0,0,1,78,188,0
750,250.55,online_retail,13,2,7.6,1,0,1,66,237,1
751,15.92,electronics,13,3,9.2,0,1,1,47,45,0
752,338.27,restaurant,11,0,7.1,2,0,1,52,75,0
753,119.57,gas_station,0,3,12.9,2,0,1,62,68,0
754,49.94,online_retail,0,1,8.7,0,0,0,47,196,0
755,19.0,electronics,11,2,0.3,4,1,1,56,143,0
756,190.6,electronics,19,5,76.7,1,0,1,63,92,0
757,117.13,travel,20,5,11.8,2,1,1,79,228,0
758,92.49,electronics,14,1,9.6,0,1,1,75,72,0
759,270.2,restaurant,3,5,46.4,0,0,1,74,216,0
760,187.48,restaurant,6,4,2.5,1,0,1,23,98,0
761,20.74,online_retail,15,2,3.1,1,1,1,31,15,0
762,45.83,online_retail,2,1,24.8,1,0,1,63,151,0
763,35.28,electronics,6,2,4.5,3,1,1,46,188,0
764,164.48,gas_station,23,0,24.1,0,1,1,49,91,0
765,5.09,grocery,21,2,4.8,0,1,1,31,142,0
766,102.25,travel,5,2,0.5,2,0,1,37,117,0
767,173.49,grocery,15,0,10.9,1,0,1,67,2,0
768,252.24,electronics,23,1,3.3,1,0,1,26,125,0
769,51.24,electronics,7,2,21.3,1,1,1,29,227,0
770,207.62,grocery,22,3,15.4,0,1,0,31,43,0
771,15.07,travel,21,2,38.6,1,1,1,73,71,0
772,225.85,grocery,5,1,22.9,1,1,1,40,144,0
773,17.37,online_retail,9,5,3.0,0,1,1,65,86,0
774,61.76,restaurant,15,6,24.2,1,1,1,51,28,0
775,192.52,gas_station,10,0,15.4,1,1,1,33,160,0
776,20.49,online_retail,12,5,16.6,2,0,0,35,71,0
777,32.25,restaurant,5,1,26.8,3,1,1,73,214,0
778,154.73,gas_station,23,4,12.8,0,0,1,58,107,0
779,153.77,gas_station,0,6,9.4,2,1,0,74,130,0
780,123.98,gas_station,20,5,15.2,0,1,1,57,200,0
781,143.08,electronics,18,2,5.3,0,1,1,50,7,0
782,94.9,gas_station,11,6,3.0,2,1,1,22,38,0
783,35.81,travel,23,2,14.4,0,1,1,56,176,0
784,51.9,grocery,5,0,4.0,1,1,1,27,213,0
785,25.05,travel,17,2,1.2,3,0,1,39,107,0
786,1366.66,grocery,12,6,0.0,4,0,1,60,86,1
787,106.07,online_retail,6,3,14.1,3,1,1,61,227,0
788,62.47,online_retail,22,3,6.7,2,1,0,50,82,0
789,75.39,grocery,12,5,20.9,0,0,1,75,73,0
790,354.14,travel,20,1,7.1,1,0,1,48,2,0
791,20.98,grocery,7,0,10.0,0,1,1,23,42,0
792,106.89,gas_station,20,4,7.8,3,0,1,53,170,0
793,85.6,electronics,16,5,15.8,1,1,1,20,81,0
794,114.44,online_retail,8,1,6.6,1,1,1,21,232,0
795,3.19,electronics,19,0,49.8,2,1,1,73,148,0
796,247.8,gas_station,12,6,41.3,1,1,0,44,6,0
797,323.8,gas_station,1,0,28.3,2,1,1,55,139,0
798,100.93,online_retail,3,6,37.9,0,1,1,42,197,0
799,144.14,online_retail,1,5,8.9,0,0,1,54,74,0
800,307.9,gas_station,3,1,11.5,1,1,1,44,215,0
801,148.41,restaurant,17,1,20.3,0,1,1,58,225,0
802,20.86,electronics,4,2,17.9,1,1,0,53,40,0
803,104.04,electronics,18,4,33.2,0,1,1,63,128,0
804,112.99,restaurant,9,3,18.9,1,1,0,64,36,0
805,67.22,travel,17,2,92.4,2,0,1,77,103,0
806,161.02,electronics,20,0,6.4,3,0,1,53,179,0
807,327.84,grocery,9,4,26.8,1,1,1,71,47,0
808,312.75,gas_station,4,4,17.9,3,1,0,63,98,0
809,72.92,gas_station,16,1,17.6,0,0,1,78,145,0
810,15.42,restaurant,21,4,5.9,2,1,1,59,26,0
811,503.7,electronics,12,5,23.1,0,1,1,76,181,0
812,521.24,travel,22,4,153.2,2,1,1,24,127,1
813,16.98,electronics,16,0,3.7,0,0,1,47,48,0
814,305.36,gas_station,8,5,14.7,0,1,1,67,27,0
815,958.19,online_retail,23,5,16.3,3,0,1,69,46,1
816,88.79,grocery,11,2,68.4,2,1,1,64,67,0
817,108.37,restaurant,13,4,9.8,0,1,1,46,123,0
818,62.1,online_retail,13,1,3.9,0,1,1,57,147,0
819,7.76,travel,7,6,7.2,1,1,1,58,72,0
820,49.99,online_retail,22,2,15.9,1,1,1,22,81,0
821,195.86,online_retail,4,1,1.2,1,1,1,23,65,0
822,1.56,travel,18,4,13.9,1,1,1,75,71,0
823,49.69,online_retail,13,2,40.2,1,1,1,61,36,0
824,61.93,restaurant,8,4,28.5,3,0,1,24,67,0
825,93.51,gas_station,6,0,1.1,0,0,1,56,83,0
826,303.87,electronics,7,2,75.3,1,0,1,49,170,0
827,52.02,online_retail,13,1,18.0,0,0,1,32,219,0
828,52.13,restaurant,21,0,2.7,5,1,1,68,67,0
829,161.5,electronics,13,3,0.2,2,1,1,30,98,0
830,73.23,electronics,10,1,2.8,0,0,1,35,69,0
831,31.53,online_retail,13,6,27.3,1,1,1,27,177,0
832,73.27,restaurant,20,4,0.3,0,1,1,57,37,0
833,19.22,gas_station,7,1,4.0,1,0,1,74,46,0
834,24.29,online_retail,2,3,21.2,5,1,1,28,208,0
835,83.79,travel,22,1,13.2,2,0,1,57,56,0
836,66.15,electronics,17,0,22.9,0,1,1,57,119,0
837,296.6,online_retail,2,5,20.6,2,1,1,64,63,0
838,55.0,electronics,12,1,0.8,1,0,1,19,78,0
839,105.27,restaurant,11,2,33.5,0,1,1,44,30,0
840,121.05,grocery,14,6,3.9,1,0,1,69,96,0
841,2.58,online_retail,17,3,12.1,2,0,1,71,63,0
842,131.71,gas_station,4,1,15.5,1,1,1,73,115,0
843,24.53,online_retail,6,3,2.8,4,1,1,62,109,0
844,390.52,electronics,10,5,56.1,2,1,1,67,76,0
845,20.31,restaurant,10,0,10.0,0,1,1,61,219,0
846,65.26,travel,14,2,0.9,0,0,1,25,154,0
847,11.71,gas_station,9,4,41.5,1,1,0,66,240,0
848,693.17,restaurant,14,1,13.2,0,1,1,76,221,0
849,84.71,online_retail,12,0,18.0,2,1,1,55,23,0
850,109.58,travel,13,3,11.2,1,1,1,33,113,0
851,9.33,restaurant,16,5,27.0,1,0,1,73,214,0
852,167.34,grocery,12,6,0.5,2,1,1,41,148,0
853,29.27,gas_station,9,3,4.7,0,1,1,77,102,0
854,275.0,electronics,0,6,9.5,2,1,1,76,46,0
855,28.55,restaurant,0,5,1.2,0,0,1,40,208,0
856,26.39,restaurant,14,6,18.4,2,0,1,72,159,0
857,5.47,grocery,15,5,7.5,3,0,1,31,195,0
858,77.65,online_retail,11,0,4.8,1,1,1,44,149,0
859,100.85,gas_station,23,1,0.1,2,1,1,27,51,0
860,9.16,gas_station,5,4,19.1,1,0,1,76,167,0
861,180.28,electronics,5,1,26.9,1,0,1,45,63,0
862,73.46,restaurant,11,2,7.5,1,1,1,42,69,0
863,90.18,travel,14,1,12.5,3,0,1,19,20,0
864,70.74,restaurant,3,5,3.9,1,0,1,62,119,0
865,62.45,electronics,23,5,14.6,3,1,1,50,23,0
866,99.42,restaurant,3,2,0.2,0,1,1,77,224,0
867,21.24,grocery,1,3,10.1,1,1,0,67,170,0
868,25.1,restaurant,23,5,15.5,4,0,1,79,201,0
869,238.47,restaurant,11,2,37.6,1,1,1,63,131,0
870,351.51,travel,6,5,7.2,2,0,1,52,27,0
871,57.08,grocery,19,4,21.7,1,1,1,64,91,0
872,38.89,grocery,8,5,13.7,1,1,1,58,202,0
873,124.94,restaurant,8,0,39.3,2,1,1,75,80,0
874,64.06,gas_station,7,2,7.6,1,0,1,30,152,0
875,4.09,travel,13,6,5.8,0,1,1,72,215,0
876,21.37,restaurant,0,1,32.7,1,1,1,22,9,0
877,152.04,restaurant,22,2,0.8,0,0,1,22,130,0
878,130.08,electronics,20,3,2.2,1,1,1,39,134,0
879,4.3,electronics,22,5,1.3,3,0,1,51,229,0
880,31.12,gas_station,11,2,27.8,1,1,1,18,227,0
881,32.53,travel,1,4,0.2,2,1,1,76,71,0
882,134.73,online_retail,12,2,29.7,0,1,1,34,79,0
883,3.39,electronics,3,4,9.0,1,0,1,68,21,0
884,14.19,online_retail,19,5,0.1,2,1,1,66,230,0
885,194.08,grocery,17,1,7.7,0,0,1,26,100,0
886,24.6,electronics,18,5,3.1,1,1,1,27,215,0
887,127.92,electronics,15,3,14.7,2,1,1,78,157,0
888,33.65,travel,13,0,17.1,1,1,1,32,13,0
889,13.57,gas_station,7,1,10.0,2,0,1,62,197,0
890,34.43,online_retail,11,1,0.6,0,1,1,46,111,0
891,154.73,electronics,8,0,16.0,3,1,1,80,103,0
892,233.3,electronics,5,2,27.7,2,0,1,70,103,0
893,213.79,travel,17,5,19.1,0,1,1,42,170,0
894,61.74,travel,1,2,26.6,1,1,1,38,109,0
895,133.35,gas_station,22,2,3.4,1,1,0,34,120,0
896,28.53,online_retail,7,5,33.0,1,1,1,44,126,0
897,42.63,grocery,23,3,5.8,0,1,1,45,235,0
898,272.99,gas_station,13,1,0.2,3,0,1,40,129,0
899,2.57,grocery,5,4,27.8,1,1,0,56,148,0
900,11.73,restaurant,9,0,42.7,0,1,1,53,171,0
901,28.97,electronics,7,1,16.0,0,0,1,20,1,0
902,4.23,online_retail,16,2,3.9,1,1,1,50,227,0
903,25.02,gas_station,11,0,4.4,0,0,1,24,40,0
904,105.97,electronics,16,4,9.4,4,1,1,22,237,0
905,66.66,online_retail,12,1,34.2,1,1,0,43,7,0
906,268.82,online_retail,18,1,2.4,4,1,1,34,163,0
907,205.08,online_retail,11,3,26.2,1,1,1,34,180,0
908,51.19,electronics,15,1,5.2,1,1,1,64,34,0
909,37.04,gas_station,4,1,24.8,1,1,1,20,178,0
910,58.3,travel,15,4,37.9,0,1,1,20,69,0
911,108.08,electronics,5,4,8.4,1,1,1,51,157,0
912,38.45,online_retail,10,0,6.8,1,1,1,25,114,0
913,118.43,gas_station,16,2,24.3,3,1,1,62,112,0
914,64.2,restaurant,22,4,11.3,0,1,1,77,219,0
915,97.37,grocery,13,0,17.3,1,1,1,73,199,0
916,69.75,online_retail,5,1,14.6,1,1,1,23,1,0
917,42.86,restaurant,22,0,2.5,1,0,1,54,73,0
918,356.83,travel,10,0,27.9,0,1,1,62,239,0
919,174.07,online_retail,11,0,3.3,0,1,1,79,186,0
920,19.11,restaurant,12,5,40.4,1,1,1,39,193,0
921,244.42,online_retail,3,0,4.3,1,1,1,50,219,0
922,81.2,electronics,6,4,19.9,0,0,1,67,17,0
923,270.94,gas_station,1,6,5.0,1,1,1,24,190,0
924,194.05,restaurant,5,6,5.7,2,1,1,66,224,0
925,67.45,gas_station,5,6,5.6,2,1,1,57,105,0
926,3.73,electronics,17,6,20.7,0,0,1,36,94,0
927,38.55,electronics,19,5,12.2,1,0,1,65,207,0
928,94.61,gas_station,7,2,32.2,2,1,1,63,170,0
929,121.44,restaurant,7,0,5.5,2,1,1,69,156,0
930,36.79,gas_station,7,3,17.7,2,0,1,72,3,0
931,19.01,gas_station,7,6,21.0,4,1,1,27,220,0
932,217.17,grocery,0,1,2.5,2,1,1,40,5,0
933,500.27,restaurant,1,6,7.7,1,0,1,19,194,0
934,90.51,grocery,11,6,9.9,1,1,1,38,54,0
935,23.6,online_retail,14,1,6.6,0,1,1,41,166,0
936,39.15,gas_station,3,5,5.8,1,1,1,65,208,0
937,3.23,online_retail,2,1,17.4,1,0,1,74,44,0
938,295.83,restaurant,13,1,3.6,0,1,1,30,209,0
939,16.03,gas_station,21,5,18.5,1,0,1,22,76,0
940,104.11,online_retail,22,1,41.0,0,1,1,35,218,0
941,39.43,travel,7,0,12.5,2,0,1,69,185,0
942,97.94,electronics,12,6,14.2,2,0,1,28,118,0
943,127.47,gas_station,22,2,1.1,0,1,1,54,199,0
944,213.45,electronics,18,5,30.0,1,1,1,71,24,0
945,28.74,grocery,21,3,5.0,2,1,1,49,80,0
946,2.33,online_retail,4,5,14.3,1,1,1,45,210,0
947,18.66,grocery,12,4,58.0,0,1,1,39,187,0
948,277.33,gas_station,19,3,13.6,2,0,1,62,8,0
949,249.47,electronics,0,4,19.3,1,1,1,45,91,0
950,110.18,electronics,15,5,8.8,0,1,1,18,90,0
951,111.11,online_retail,22,4,0.9,2,1,1,23,95,0
952,132.25,gas_station,23,3,24.0,0,1,1,28,210,0
953,24.14,travel,1,0,0.5,1,1,0,59,2,0
954,947.97,travel,6,5,94.9,2,0,1,50,41,1
955,328.97,online_retail,5,5,1.6,8,1,0,33,215,1
956,58.97,gas_station,4,1,29.7,0,0,1,30,184,0
957,88.81,online_retail,3,5,2.6,3,0,1,38,48,0
958,6.77,gas_station,1,6,10.8,1,0,1,76,106,0
959,22.82,grocery,9,6,13.6,1,1,1,65,22,0
960,161.74,online_retail,21,5,9.2,2,1,1,64,97,0
961,11.37,gas_station,4,0,6.3,1,1,1,56,18,0
962,111.9,travel,17,1,9.5,0,1,1,63,79,0
963,34.78,gas_station,9,2,5.6,1,0,1,79,169,0
964,60.18,gas_station,22,4,8.6,0,1,1,41,67,0
965,41.88,online_retail,21,3,6.7,3,1,1,60,48,0
966,255.39,grocery,14,2,40.6,4,1,1,44,122,1
967,153.35,grocery,8,1,4.1,2,1,1,62,23,0
968,43.31,grocery,10,6,67.2,0,1,1,54,111,0
969,101.28,grocery,20,6,10.4,0,1,1,67,130,0
970,78.56,restaurant,16,6,3.2,0,0,1,20,106,0
971,131.76,online_retail,20,0,9.7,0,1,1,29,4,0
972,1447.24,electronics,8,6,73.1,1,1,1,24,154,1
973,159.27,online_retail,22,3,0.3,2,1,1,75,19,0
974,30.04,restaurant,15,4,17.1,1,1,0,37,49,0
975,4.8,grocery,5,5,11.9,2,1,1,32,74,0
976,37.5,restaurant,21,5,2.8,2,0,1,18,214,0
977,109.49,travel,10,2,25.5,2,1,1,68,53,0
978,7.34,travel,22,4,6.9,1,1,1,27,134,0
979,83.31,online_retail,16,1,5.2,1,0,1,31,190,0
980,110.01,online_retail,3,4,26.4,2,0,1,32,129,0
981,49.82,electronics,14,0,15.3,1,1,1,51,235,0
982,177.84,electronics,0,2,34.3,1,1,1,74,144,0
983,14.53,travel,21,2,14.9,3,0,1,66,180,0
984,26.94,grocery,19,0,101.3,1,1,0,42,7,1
985,157.32,restaurant,0,4,27.2,2,1,1,48,88,0
986,83.1,electronics,8,6,0.8,2,1,1,27,35,0
987,140.93,gas_station,11,0,22.4,2,1,1,54,206,0
988,69.47,electronics,3,6,14.3,3,1,1,77,68,0
989,34.95,grocery,21,3,1.1,0,1,0,23,105,0
990,206.18,grocery,12,0,10.7,1,1,1,23,143,0
991,193.78,online_retail,6,6,1.3,2,0,0,45,108,0
992,143.37,restaurant,7,4,20.0,2,1,1,55,185,0
993,39.12,grocery,12,6,11.9,1,1,1,74,240,0
994,108.06,electronics,10,0,46.0,3,1,1,31,151,0
995,54.74,electronics,8,1,3.0,1,0,1,30,211,0
996,12.53,travel,23,5,14.0,3,1,1,30,78,0
997,300.12,grocery,15,0,3.6,2,0,0,74,219,0
998,18.66,gas_station,9,5,14.3,3,1,1,76,228,0
999,361.06,online_retail,10,0,19.2,1,1,1,27,125,0
1000,71.87,restaurant,11,4,19.2,1,0,1,33,102,0
1001,25.57,gas_station,13,3,25.3,0,0,1,56,214,0
1002,94.68,online_retail,18,3,28.8,1,1,1,52,139,0
1003,248.58,electronics,11,5,1.2,1,1,1,32,132,0
1004,159.11,gas_station,17,4,6.3,1,1,1,40,186,0
1005,198.14,online_retail,20,6,17.4,2,1,1,54,224,0
1006,130.03,electronics,16,4,10.4,3,1,1,74,168,0
1007,142.43,electronics,2,4,3.2,4,1,1,25,233,0
1008,228.01,electronics,0,1,12.1,1,0,1,43,58,0
1009,35.47,electronics,18,2,7.8,1,0,1,77,119,0
1010,81.67,electronics,3,0,7.4,0,1,1,39,88,0
1011,31.0,travel,22,4,24.9,0,1,1,22,122,0
1012,528.47,gas_station,15,4,7.9,0,0,1,75,226,0
1013,347.02,online_retail,11,4,0.4,1,1,1,51,67,0
1014,5.83,travel,20,3,0.9,0,1,1,44,38,0
1015,147.73,travel,20,4,29.1,1,1,1,77,130,0
1016,312.23,grocery,12,0,48.5,1,1,1,36,87,0
1017,24.9,grocery,16,6,17.5,0,1,1,60,40,0
1018,101.7,grocery,7,6,6.8,0,0,1,60,212,0
1019,297.5,restaurant,12,4,41.9,2,1,1,52,56,0
1020,5.14,grocery,19,0,16.3,1,1,1,62,200,0
1021,144.45,online_retail,4,1,27.9,2,1,1,37,35,0
1022,43.35,travel,17,6,21.8,2,0,1,68,49,0
1023,310.87,online_retail,14,2,7.1,1,0,1,72,107,0
1024,426.1,gas_station,11,3,9.8,4,1,1,78,195,0
1025,347.46,grocery,16,0,3.1,1,0,1,64,96,0
1026,78.14,restaurant,14,6,5.2,3,1,1,55,122,0
1027,978.09,gas_station,1,6,87.7,2,1,1,30,95,1
1028,224.37,restaurant,5,5,33.7,0,1,1,73,172,0
1029,47.12,gas_station,16,1,19.3,0,1,1,35,238,0
1030,212.87,travel,15,2,9.4,4,1,0,35,31,0
1031,5.53,online_retail,16,2,1.4,2,1,1,18,125,0
1032,109.84,electronics,19,2,0.9,1,1,1,49,193,0
1033,32.37,online_retail,8,0,7.0,1,1,1,70,76,0
1034,16.42,grocery,4,1,9.3,0,1,1,72,126,0
1035,10.61,electronics,22,4,14.1,3,1,1,42,146,0
1036,144.0,restaurant,0,5,0.1,2,1,1,38,88,0
1037,50.84,travel,5,1,68.7,1,1,1,44,36,0
1038,155.82,travel,23,1,6.8,2,0,1,28,190,0
1039,9.11,restaurant,13,6,28.3,0,0,1,65,157,0
1040,46.45,grocery,16,1,11.5,0,1,1,18,217,0
1041,94.05,restaurant,18,0,2.1,1,1,1,36,151,0
1042,188.69,gas_station,0,5,24.0,0,1,1,49,3,0
1043,47.06,grocery,0,0,18.6,0,0,0,25,30,0
1044,118.99,electronics,12,5,11.2,0,1,1,36,209,0
1045,261.56,restaurant,13,5,10.8,1,0,1,72,45,0
1046,115.81,grocery,5,6,1.4,2,1,1,33,177,0
1047,122.01,electronics,5,0,91.2,3,0,1,75,222,1
1048,3.96,restaurant,0,5,36.3,1,1,0,52,113,0
1049,245.92,travel,13,1,1.5,0,0,1,19,122,0
1050,3.58,restaurant,2,0,4.6,0,1,1,29,19,0
1051,250.25,online_retail,22,5,34.9,1,0,1,46,192,0
1052,91.33,restaurant,9,2,5.0,2,1,1,27,133,0
1053,336.76,online_retail,18,0,15.9,1,1,1,79,232,0
1054,193.4,electronics,18,6,11.5,2,0,0,39,56,0
1055,1787.35,restaurant,18,3,46.4,2,0,1,51,162,1
1056,52.83,electronics,22,0,8.1,1,1,1,75,73,0
1057,175.9,electronics,3,0,5.3,2,1,0,79,103,0
1058,62.69,grocery,19,0,0.7,0,0,1,38,176,0
1059,79.44,electronics,18,5,20.5,2,0,1,54,236,0
1060,119.5,electronics,9,0,20.6,1,1,1,22,26,0
1061,249.27,restaurant,1,3,16.7,1,1,0,23,133,0
1062,497.85,restaurant,3,4,15.5,0,0,1,49,88,0
1063,176.46,travel,23,0,4.2,1,1,0,20,159,0
1064,65.91,grocery,5,2,0.3,2,0,1,27,24,0
1065,66.65,electronics,6,3,24.8,2,0,1,22,85,0
1066,161.54,grocery,15,4,10.1,2,0,1,41,22,0
1067,33.74,online_retail,6,5,5.5,3,0,1,37,102,0
1068,15.05,electronics,17,0,1.6,0,0,1,79,150,0
1069,53.55,grocery,19,4,1.0,1,0,0,54,213,0
1070,41.63,travel,21,2,6.4,2,0,1,48,57,0
1071,43.17,travel,18,3,24.5,0,1,1,64,158,0
1072,32.93,electronics,8,3,37.6,1,1,1,34,113,0
1073,6.16,online_retail,19,5,34.1,3,1,1,66,47,0
1074,3.16,travel,9,5,37.9,2,0,1,41,202,0
1075,529.0,travel,12,5,35.7,1,1,0,35,195,0
1076,67.99,online_retail,17,4,11.2,1,1,1,43,167,0
1077,59.2,grocery,15,0,3.7,2,1,1,59,221,0
1078,603.24,travel,21,1,128.8,1,0,1,72,89,1
1079,30.55,restaurant,16,3,3.6,4,0,1,24,194,0
1080,360.39,gas_station,21,1,4.7,0,0,1,60,205,0
1081,186.21,gas_station,12,6,4.0,0,1,1,31,91,0
1082,12.24,travel,11,3,10.9,0,1,1,58,157,0
1083,65.87,grocery,9,5,5.8,1,1,1,66,142,0
1084,254.55,grocery,0,0,2.5,2,1,0,19,4,0
1085,348.47,electronics,7,0,9.1,1,1,1,47,200,0
1086,76.6,restaurant,20,3,31.1,0,1,1,66,5,0
1087,115.05,grocery,21,4,12.7,1,1,1,34,44,0
1088,22.93,online_retail,17,6,31.6,1,1,1,76,91,0
1089,568.53,restaurant,1,5,3.3,1,1,1,37,24,0
1090,32.62,gas_station,15,0,2.7,2,1,1,73,236,0
1091,344.2,restaurant,11,6,12.9,3,1,0,27,235,0
1092,126.86,online_retail,8,6,9.3,2,1,1,41,226,0
1093,113.3,travel,2,0,16.2,1,1,1,61,28,0
1094,87.26,online_retail,21,2,23.7,0,1,1,29,152,0
1095,32.47,online_retail,20,6,20.9,2,1,1,44,128,0
1096,24.31,travel,3,0,42.8,2,0,1,32,5,0
1097,30.89,travel,1,2,7.6,2,1,1,26,13,0
1098,25.76,travel,7,0,3.5,1,1,1,35,210,0
1099,182.47,travel,9,0,12.0,2,0,1,65,55,0
1100,52.72,travel,15,6,1.8,2,1,1,78,209,0
1101,8.15,online_retail,22,4,5.1,1,1,1,24,30,0
1102,418.25,electronics,10,4,3.5,3,1,1,45,102,0
1103,259.28,electronics,17,5,7.6,2,1,1,63,83,0
1104,316.32,grocery,21,0,1.8,2,1,1,53,214,0
1105,634.61,electronics,13,5,0.5,4,1,1,20,177,0
1106,23.92,gas_station,7,5,16.0,1,0,1,61,113,0
1107,61.55,electronics,22,5,14.1,3,1,1,33,82,0
1108,171.38,online_retail,14,5,18.5,3,0,1,53,90,0
1109,143.9,travel,16,3,16.2,5,0,1,21,15,0
1110,21.05,travel,20,6,1.8,0,0,1,52,220,0
1111,204.03,online_retail,17,6,5.2,1,0,1,26,30,0
1112,31.5,gas_station,5,3,2.1,0,1,1,73,28,0
1113,31.4,electronics,22,0,27.8,1,0,1,63,212,0
1114,93.4,online_retail,13,3,20.6,1,1,1,29,132,0
1115,108.86,grocery,22,0,3.4,3,0,1,27,68,0
1116,105.12,travel,2,4,6.3,2,1,0,63,101,0
1117,28.26,restaurant,6,6,107.2,1,1,1,61,143,1
1118,252.92,grocery,14,1,13.5,0,0,1,61,34,0
1119,38.04,gas_station,20,2,24.2,2,1,1,19,203,0
1120,17.64,grocery,23,6,4.6,1,1,1,36,215,0
1121,264.51,online_retail,15,3,3.5,1,1,1,30,99,0
1122,374.88,electronics,15,3,23.0,2,0,1,59,171,0
1123,238.77,travel,7,4,17.4,2,1,1,72,227,0
1124,688.9,gas_station,6,3,87.1,4,1,1,70,203,1
1125,128.79,gas_station,5,0,12.1,0,0,1,50,61,0
1126,97.05,restaurant,1,0,12.4,1,1,1,18,191,0
1127,11.92,grocery,21,1,20.0,3,1,1,45,2,0
1128,64.0,restaurant,12,1,4.7,2,0,0,57,118,0
1129,186.81,electronics,11,6,30.6,1,1,1,23,52,1
1130,37.09,electronics,14,1,30.8,0,1,1,69,52,0
1131,155.23,restaurant,8,0,5.5,1,1,1,20,15,0
1132,83.19,travel,1,5,11.9,2,1,1,62,168,0
1133,11.14,electronics,16,5,18.2,4,1,1,42,28,0
1134,30.84,restaurant,4,1,142.4,1,1,1,74,223,0
1135,138.96,grocery,10,1,8.6,1,1,1,61,96,0
1136,10.5,restaurant,21,0,8.4,3,1,1,69,98,0
1137,229.62,restaurant,18,4,27.7,1,1,1,33,55,0
1138,83.02,online_retail,23,6,24.6,0,0,1,60,178,0
1139,79.61,electronics,6,3,19.7,0,0,1,73,22,0
1140,108.7,travel,1,6,9.3,1,1,1,21,157,0
1141,209.94,travel,15,2,5.9,1,1,1,25,72,0
1142,52.29,online_retail,11,5,14.1,2,0,0,56,214,0
1143,136.99,gas_station,22,5,31.3,0,1,1,33,140,0
1144,446.68,travel,14,0,132.6,0,0,1,79,215,1
1145,38.28,restaurant,0,6,1.7,2,1,1,61,38,0
1146,254.07,online_retail,12,0,8.4,1,0,1,55,120,0
1147,192.6,grocery,22,2,9.4,0,1,1,40,2,0
1148,426.46,electronics,5,6,321.6,2,1,0,23,140,1
1149,935.48,electronics,12,2,98.1,3,0,1,60,183,1
1150,243.35,electronics,17,1,7.8,1,0,1,61,213,0
1151,148.87,restaurant,2,6,0.4,0,1,1,33,126,0
1152,218.69,grocery,0,2,12.5,0,0,1,71,140,0
1153,144.47,online_retail,14,3,1.5,1,1,1,33,109,0
1154,137.78,online_retail,12,3,27.0,1,1,1,79,223,0
1155,116.67,electronics,4,5,20.9,1,1,1,40,9,0
1156,168.67,grocery,12,3,9.3,2,1,1,33,207,0
1157,21.72,grocery,21,6,8.4,1,0,1,53,32,0
1158,256.31,grocery,4,3,34.1,1,1,1,29,235,0
1159,247.54,travel,18,3,5.1,2,1,1,54,73,0
1160,4.56,travel,20,1,4.3,2,1,1,26,216,0
1161,210.72,electronics,23,5,42.0,0,1,1,35,136,0
1162,17.56,grocery,17,0,24.9,3,1,1,26,116,0
1163,49.98,gas_station,20,5,25.8,1,1,1,65,156,0
1164,164.28,grocery,21,5,3.3,0,0,1,38,184,0
1165,22.03,online_retail,9,5,2.3,1,1,1,75,82,0
1166,205.43,online_retail,23,2,0.4,1,1,1,18,107,0
1167,215.15,electronics,7,0,4.1,1,1,1,76,229,0
1168,85.98,gas_station,14,2,22.3,2,1,1,40,36,0
1169,1.77,grocery,20,1,4.1,2,1,1,22,117,0
1170,41.6,gas_station,19,1,19.6,4,1,1,36,165,0
1171,116.14,electronics,22,4,4.4,3,1,1,52,32,0
1172,477.78,online_retail,21,4,7.5,3,0,1,50,213,0
1173,120.9,online_retail,3,1,61.3,0,1,1,72,167,0
1174,127.43,travel,1,1,24.0,2,0,1,63,49,1
1175,121.62,electronics,23,2,7.1,1,1,1,35,221,0
1176,94.18,electronics,5,1,5.4,1,1,1,57,146,0
1177,182.61,grocery,2,6,1.7,1,1,1,31,23,0
1178,14.58,grocery,6,0,10.1,0,1,1,37,33,0
1179,172.77,travel,9,2,7.1,0,1,1,69,112,0
1180,94.51,restaurant,22,1,17.8,2,0,1,30,201,0
1181,396.59,gas_station,5,2,25.5,0,1,1,76,236,0
1182,51.2,restaurant,15,2,11.8,0,1,1,70,179,0
1183,121.16,restaurant,1,3,0.5,2,1,1,33,171,0
1184,323.64,electronics,23,4,14.5,0,1,1,58,230,0
1185,13.98,gas_station,16,2,0.9,2,1,1,48,4,0
1186,333.19,electronics,12,5,14.4,3,0,1,56,80,0
1187,140.73,gas_station,0,6,17.3,2,1,1,52,195,0
1188,9.43,online_retail,5,6,3.3,1,0,1,37,200,0
1189,43.97,electronics,4,2,25.7,1,1,1,74,208,0
1190,148.79,electronics,12,5,36.3,0,1,1,18,125,0
1191,9.37,electronics,22,6,25.2,1,1,1,73,2,0
1192,105.72,travel,17,3,5.5,0,1,0,57,45,0
1193,51.94,electronics,11,1,13.3,1,1,1,63,211,0
1194,117.4,grocery,6,2,36.9,1,1,1,30,88,0
1195,6.62,grocery,14,3,5.8,1,1,1,24,208,0
1196,247.25,gas_station,2,0,25.7,1,0,1,62,115,0
1197,436.62,online_retail,15,3,0.1,0,1,1,39,168,0
1198,417.38,travel,0,4,0.1,2,0,1,24,130,0
1199,167.19,gas_station,15,4,21.4,0,1,1,75,160,0
1200,17.72,grocery,23,1,21.5,1,0,1,37,1,0
1201,171.39,travel,11,5,23.3,2,1,1,69,18,0
1202,3.99,travel,18,1,39.9,2,1,1,54,231,0
1203,3.68,online_retail,7,6,1.9,1,0,1,53,192,0
1204,47.92,travel,22,5,4.0,2,1,1,21,160,0
1205,305.23,electronics,11,5,154.1,0,1,0,74,9,1
1206,177.57,travel,14,5,2.9,0,1,1,23,55,0
1207,138.97,online_retail,1,5,17.2,0,1,1,63,67,0
1208,71.85,gas_station,16,4,11.3,0,0,1,20,24,0
1209,39.36,online_retail,6,6,1.3,1,0,1,20,121,0
1210,1914.85,online_retail,12,4,20.4,1,0,1,75,11,1
1211,67.65,grocery,0,2,11.0,0,0,1,73,156,0
1212,73.04,electronics,5,6,28.7,0,1,1,20,16,0
1213,22.44,grocery,12,4,18.4,0,1,0,79,93,0
1214,191.06,gas_station,10,1,14.6,0,0,1,53,105,0
1215,142.98,restaurant,9,4,10.3,2,1,1,71,12,0
1216,30.93,gas_station,15,6,5.3,1,1,1,26,238,0
1217,11.32,electronics,23,6,1.9,2,1,1,71,121,0
1218,137.92,travel,22,1,7.9,1,0,1,33,196,0
1219,128.54,online_retail,19,0,0.4,3,1,1,68,90,0
1220,39.3,restaurant,16,6,3.6,3,0,1,33,132,0
1221,362.58,electronics,16,4,8.5,1,1,1,29,75,0
1222,20.65,grocery,3,1,8.1,1,1,1,55,66,0
1223,68.95,online_retail,4,5,0.7,2,0,1,37,31,0
1224,902.33,gas_station,22,6,40.9,1,0,0,70,184,1
1225,66.31,grocery,13,3,12.0,1,1,1,48,178,0
1226,123.11,electronics,19,5,1.2,0,1,1,47,195,0
1227,255.3,electronics,9,2,113.9,1,1,1,38,89,1
1228,39.46,gas_station,13,6,1.6,4,0,1,20,98,0
1229,497.05,restaurant,0,1,28.9,1,1,1,38,129,0
1230,64.18,gas_station,10,5,0.0,3,1,1,45,197,0
1231,270.43,travel,22,4,32.1,3,0,1,45,39,0
1232,32.36,grocery,17,4,0.3,1,1,1,22,180,0
1233,29.76,restaurant,15,6,21.3,2,1,1,24,95,0
1234,4.8,online_retail,17,0,6.7,0,0,1,74,164,0
1235,127.55,travel,7,3,20.1,2,0,1,22,195,0
1236,56.16,restaurant,9,6,7.7,3,0,1,26,230,0
1237,240.73,grocery,9,1,1.1,0,1,1,64,140,0
1238,184.41,electronics,4,5,92.6,2,0,1,38,61,1
1239,414.77,online_retail,9,3,1.1,2,0,1,37,208,0
1240,25.63,gas_station,17,0,38.3,3,1,1,55,72,0
1241,244.56,grocery,20,6,0.8,2,1,1,57,139,0
1242,180.85,travel,23,2,9.8,2,1,1,69,109,0
1243,449.57,travel,5,3,50.1,1,0,0,54,14,1
1244,1082.97,electronics,2,0,20.2,3,0,1,75,219,1
1245,172.77,electronics,7,6,3.7,3,0,1,34,210,0
1246,119.09,online_retail,8,6,21.4,0,1,1,59,182,0
1247,17.88,gas_station,4,1,23.0,2,1,1,45,136,0
1248,4.97,online_retail,1,6,38.4,0,1,1,48,161,0
1249,305.37,electronics,1,2,7.1,0,0,1,50,132,0
1250,116.06,electronics,6,6,10.6,2,1,1,49,113,0
1251,192.07,travel,16,4,6.8,1,1,1,79,30,0
1252,79.82,electronics,9,0,4.5,2,1,1,49,84,0
1253,15.97,restaurant,11,4,20.9,1,1,1,65,94,0
1254,17.05,grocery,1,6,6.2,1,1,1,73,91,0
1255,139.84,electronics,9,2,8.4,2,0,1,40,89,0
1256,189.11,online_retail,19,0,26.7,1,1,1,38,54,1
1257,27.86,gas_station,0,0,18.7,2,1,1,42,134,0
1258,244.07,gas_station,3,6,103.0,2,1,1,50,5,1
1259,8.96,gas_station,12,2,16.5,0,1,1,80,206,0
1260,105.66,restaurant,11,1,9.6,2,0,1,20,51,0
1261,38.6,online_retail,10,0,22.7,2,1,1,23,142,0
1262,192.68,restaurant,9,2,15.4,2,1,1,66,34,0
1263,45.59,electronics,14,3,0.9,2,0,1,79,169,0
1264,73.88,grocery,4,4,1.5,3,1,1,45,89,0
1265,2.4,gas_station,16,0,0.6,1,0,1,71,167,0
1266,10.02,online_retail,4,3,9.2,3,1,1,19,146,0
1267,60.81,gas_station,1,0,26.2,2,1,1,49,20,0
1268,79.46,restaurant,8,1,5.6,0,1,1,43,107,0
1269,110.96,travel,5,6,7.3,0,1,1,79,136,0
1270,42.38,electronics,17,2,36.0,1,0,1,22,26,0
1271,143.49,grocery,13,0,27.2,1,0,1,28,85,0
1272,237.04,electronics,18,2,16.4,4,1,1,27,155,0
1273,182.61,travel,13,5,4.7,1,1,1,32,160,0
1274,5.85,grocery,7,0,1.9,2,0,1,35,42,0
1275,79.59,travel,16,1,0.2,4,1,1,66,178,0
1276,14.3,electronics,2,1,1.7,1,1,1,31,81,0
1277,34.26,restaurant,9,6,5.2,2,1,1,45,177,0
1278,519.06,electronics,16,6,12.0,4,1,1,47,193,0
1279,19.45,electronics,10,3,1.0,0,1,1,79,191,0
1280,83.91,electronics,7,1,2.2,0,1,1,77,27,0
1281,454.42,online_retail,0,2,12.0,3,1,1,30,100,1
1282,146.47,travel,12,5,15.0,0,0,1,37,203,0
1283,99.42,travel,20,1,14.3,1,1,1,19,233,0
1284,2.18,gas_station,3,0,12.0,0,1,1,42,233,0
1285,48.43,travel,6,1,4.3,1,1,1,61,35,0
1286,88.51,gas_station,13,5,7.0,1,0,1,76,38,0
1287,39.99,online_retail,4,2,7.0,0,1,1,60,38,1
1288,52.81,restaurant,23,0,3.9,1,1,1,68,42,0
1289,5.05,gas_station,10,3,34.2,0,0,1,29,170,0
1290,10.82,electronics,16,3,58.5,1,1,1,42,177,0
1291,61.69,restaurant,4,3,15.6,1,1,1,21,239,0
1292,18.09,online_retail,19,6,37.3,2,0,1,59,57,0
1293,101.59,travel,2,0,15.4,0,1,1,29,100,0
1294,141.34,gas_station,4,3,0.5,1,1,1,24,54,0
1295,194.49,electronics,14,6,86.0,0,1,1,72,138,0
1296,27.8,grocery,18,1,1.6,0,0,1,55,188,0
1297,23.0,grocery,15,0,17.2,2,1,1,57,40,0
1298,14.25,restaurant,7,0,4.4,2,0,1,76,129,0
1299,122.41,travel,12,0,7.5,3,0,1,49,120,0
1300,148.1,grocery,15,4,15.6,3,1,1,60,86,0
1301,17.83,restaurant,2,6,41.2,0,0,0,23,64,1
1302,331.26,online_retail,0,2,4.3,2,1,1,74,81,0
1303,7.4,restaurant,8,4,6.1,0,1,1,70,12,0
1304,94.52,restaurant,8,4,6.3,0,1,1,44,236,0
1305,149.16,restaurant,21,4,48.0,2,1,1,52,185,0
1306,246.72,electronics,16,2,24.0,1,1,1,38,205,0
1307,151.25,restaurant,23,4,9.2,1,1,1,37,89,0
1308,195.17,gas_station,1,3,3.3,0,1,1,36,26,0
1309,50.76,restaurant,8,0,25.0,0,1,0,50,238,0
1310,203.37,electronics,23,0,2.6,3,0,1,73,40,0
1311,11.02,electronics,18,6,3.5,2,1,0,80,110,0
1312,271.25,online_retail,12,1,6.8,0,0,1,21,231,0
1313,96.18,travel,4,5,31.8,2,0,0,77,113,0
1314,204.99,grocery,8,3,2.1,0,1,1,36,43,0
1315,73.25,grocery,12,2,2.0,3,1,1,77,225,0
1316,124.8,restaurant,0,5,10.2,1,1,1,69,72,0
1317,90.69,online_retail,14,0,4.9,3,0,1,66,141,0
1318,158.83,restaurant,3,4,12.6,4,1,1,45,90,0
1319,11.22,grocery,3,6,9.0,1,1,1,39,184,0
1320,8.47,electronics,19,6,8.6,1,1,1,68,17,0
1321,35.06,travel,9,1,1.8,2,1,1,41,88,0
1322,21.86,online_retail,5,1,2.3,2,1,1,76,24,0
1323,247.48,electronics,23,0,25.8,3,1,0,63,76,0
1324,30.69,travel,11,3,32.6,0,1,1,80,223,0
1325,1090.06,online_retail,19,6,16.5,1,0,1,79,58,1
1326,50.3,online_retail,15,5,1.8,0,0,0,47,208,0
1327,25.12,grocery,2,1,0.8,1,1,1,46,234,0
1328,188.11,electronics,13,0,14.1,1,0,1,27,189,0
1329,522.24,online_retail,0,3,76.8,3,0,1,70,208,1
1330,83.75,gas_station,9,0,7.0,3,1,1,49,222,0
1331,98.26,online_retail,14,0,17.1,2,1,1,26,156,0
1332,153.41,travel,6,3,18.7,4,0,1,42,195,0
1333,32.12,grocery,3,3,41.1,1,1,1,33,97,0
1334,1664.71,restaurant,13,3,3.9,0,0,1,32,51,1
1335,442.68,grocery,23,0,3.2,2,1,1,76,88,0
1336,127.09,restaurant,15,1,1.1,2,1,1,65,222,0
1337,27.71,electronics,13,2,30.4,1,1,1,35,232,0
1338,137.82,electronics,2,2,23.6,2,1,1,70,240,0
1339,9.99,online_retail,16,0,12.8,2,1,1,40,92,0
1340,4.74,gas_station,20,0,1.3,1,1,1,72,111,0
1341,36.76,electronics,13,1,4.8,2,1,1,59,167,0
1342,75.53,online_retail,17,3,5.3,0,1,1,20,194,0
1343,244.24,grocery,2,0,12.3,2,1,1,24,205,0
1344,156.87,electronics,21,6,4.5,3,0,1,56,101,0
1345,163.9,grocery,18,4,1.1,0,1,1,69,202,0
1346,67.51,grocery,2,3,19.7,3,0,1,28,168,0
1347,51.95,gas_station,11,6,5.3,1,0,1,72,13,0
1348,56.64,electronics,21,0,9.0,2,1,1,41,147,0
1349,528.29,grocery,4,4,2.0,1,1,1,52,6,0
1350,5.91,gas_station,9,6,24.3,3,0,1,67,146,0
1351,243.12,gas_station,8,5,12.5,2,0,1,42,232,0
1352,104.72,electronics,0,1,34.8,1,1,1,45,9,0
1353,70.28,gas_station,12,4,10.3,2,0,1,29,81,0
1354,662.06,electronics,2,0,127.0,2,1,0,40,68,1
1355,81.02,electronics,18,2,33.4,1,1,1,34,54,0
1356,249.03,restaurant,10,6,12.9,2,1,1,75,126,0
1357,278.16,grocery,15,0,40.7,3,1,1,75,50,0
1358,66.72,travel,5,2,5.9,0,0,1,58,70,0
1359,39.89,electronics,23,1,6.8,0,0,1,54,139,0
1360,108.68,grocery,2,1,0.7,0,1,1,35,183,0
1361,293.15,gas_station,18,3,13.3,1,1,1,72,118,0
1362,29.39,online_retail,5,6,19.2,3,1,1,26,170,0
1363,118.05,electronics,7,3,22.3,1,1,1,62,90,0
1364,120.82,gas_station,21,2,2.4,2,1,1,52,139,0
1365,159.51,gas_station,12,2,8.8,2,1,0,53,72,0
1366,17.93,gas_station,11,1,2.9,2,1,1,74,67,0
1367,151.98,gas_station,9,4,16.3,1,1,1,80,130,0
1368,288.67,gas_station,2,2,2.6,0,0,1,35,210,0
1369,24.77,electronics,3,2,35.2,3,0,1,37,194,0
1370,33.55,travel,0,6,3.9,0,1,1,38,26,0
1371,427.5,restaurant,12,4,5.2,1,1,1,64,76,0
1372,24.96,gas_station,23,3,28.5,4,1,1,37,37,0
1373,232.21,gas_station,3,3,9.2,1,1,1,72,218,0
1374,82.34,restaurant,21,2,0.4,5,0,1,23,36,0
1375,35.08,electronics,10,6,10.2,0,1,1,26,16,0
1376,246.52,grocery,18,3,1.3,2,1,1,60,78,0
1377,71.72,online_retail,10,3,63.3,0,1,1,46,66,0
1378,87.79,online_retail,11,5,13.3,1,0,1,80,21,0
1379,54.41,grocery,10,6,4.4,1,1,0,46,135,0
1380,108.86,electronics,5,3,12.4,1,1,1,30,139,0
1381,22.43,online_retail,11,1,1.2,2,0,1,53,184,0
1382,60.53,restaurant,8,0,24.1,0,1,1,44,172,0
1383,419.46,grocery,9,2,38.9,0,1,1,64,54,0
1384,36.83,travel,2,2,31.1,2,1,1,74,93,0
1385,129.31,electronics,2,1,6.3,1,0,1,66,185,0
1386,172.12,grocery,19,0,27.2,4,0,0,61,58,1
1387,179.19,online_retail,22,0,0.5,1,1,1,23,37,0
1388,17.83,electronics,15,1,15.8,0,1,1,56,120,0
1389,421.07,restaurant,2,4,11.5,1,1,1,74,176,0
1390,73.57,electronics,9,4,9.2,1,1,1,49,190,0
1391,33.31,electronics,23,0,35.7,0,1,1,66,39,0
1392,10.16,restaurant,10,4,2.8,0,1,1,60,220,0
1393,23.32,gas_station,7,4,0.1,1,1,1,61,192,0
1394,89.02,restaurant,5,4,1.1,1,0,0,45,104,0
1395,50.32,electronics,19,0,3.8,1,1,1,62,68,0
1396,212.85,restaurant,10,4,0.5,0,1,1,18,68,0
1397,68.64,gas_station,20,2,10.5,1,1,1,67,155,0
1398,35.32,grocery,11,5,5.7,2,1,1,71,198,0
1399,116.21,restaurant,15,0,3.0,0,1,1,68,226,0
1400,148.22,restaurant,17,1,20.8,1,1,1,60,233,0
1401,22.93,electronics,12,4,3.4,2,0,0,48,104,0
1402,23.02,grocery,21,3,17.5,3,0,1,47,210,0
1403,5.48,travel,2,0,6.4,2,1,1,71,60,0
1404,161.0,travel,14,6,10.8,2,1,1,35,172,0
1405,131.81,online_retail,21,1,40.7,0,1,1,46,240,0
1406,78.24,restaurant,20,5,0.6,1,0,1,59,158,0
1407,224.08,restaurant,13,2,10.4,1,1,1,55,225,0
1408,197.58,grocery,17,6,28.9,0,1,1,40,186,0
1409,474.4,gas_station,13,1,61.6,3,0,1,39,212,1
1410,244.24,travel,4,4,4.9,1,0,1,19,126,0
1411,28.66,online_retail,20,3,7.6,2,0,1,22,123,0
1412,15.24,grocery,13,4,17.1,0,0,1,59,36,0
1413,38.72,restaurant,7,1,33.2,0,1,1,32,238,0
1414,8.05,travel,22,0,0.6,3,0,1,78,133,0
1415,91.9,online_retail,14,6,1.1,3,1,1,49,124,0
1416,836.02,electronics,14,3,17.8,3,0,0,63,227,1
1417,5.82,travel,18,6,4.0,4,1,1,23,147,0
1418,16.63,online_retail,19,6,4.6,1,1,1,31,140,0
1419,73.22,grocery,5,3,3.8,0,1,1,41,90,0
1420,326.95,electronics,18,1,3.3,0,1,1,74,188,0
1421,46.6,online_retail,7,5,2.1,0,1,1,38,83,0
1422,85.93,online_retail,5,5,40.8,3,1,1,31,139,0
1423,6.1,restaurant,19,4,2.3,0,1,1,29,53,0
1424,20.27,gas_station,22,1,3.4,0,1,1,72,20,0
1425,518.77,travel,14,3,4.2,0,1,1,21,73,0
1426,403.7,restaurant,2,1,40.5,0,1,0,75,84,0
1427,1.59,electronics,9,3,21.1,1,1,1,61,27,0
1428,364.92,gas_station,14,6,23.4,2,0,1,38,58,0
1429,123.31,online_retail,23,4,1.7,2,1,1,34,123,0
1430,243.92,restaurant,15,0,27.1,0,1,1,46,133,0
1431,73.78,gas_station,16,6,7.9,0,1,1,68,74,0
1432,87.98,travel,18,0,4.6,0,0,1,33,137,0
1433,255.4,electronics,10,1,61.9,1,1,1,35,217,1
1434,132.9,grocery,15,3,25.9,1,1,1,55,77,0
1435,19.05,restaurant,4,0,22.6,1,0,1,58,125,0
1436,4.65,electronics,4,6,33.1,1,0,1,75,125,0
1437,205.09,grocery,13,3,214.6,0,0,1,68,32,1
1438,147.36,restaurant,17,4,4.1,2,1,1,61,200,0
1439,28.06,electronics,7,6,8.3,2,0,1,28,182,0
1440,135.29,electronics,4,1,0.2,2,1,1,49,173,0
1441,421.44,gas_station,6,3,31.7,1,0,1,45,27,0
1442,12.83,restaurant,15,1,2.5,6,0,1,33,214,0
1443,134.99,electronics,22,3,29.7,1,0,1,51,156,0
1444,71.38,online_retail,13,6,6.0,6,1,1,67,18,0
1445,244.12,restaurant,4,5,6.9,0,0,1,47,87,0
1446,24.4,electronics,23,5,0.6,0,1,1,55,105,0
1447,142.56,gas_station,8,3,5.9,1,1,1,75,159,0
1448,219.5,grocery,3,4,32.9,1,1,1,39,41,0
1449,348.21,grocery,3,1,0.4,2,1,0,22,34,0
1450,138.96,online_retail,15,2,7.8,2,1,0,26,7,0
1451,83.5,restaurant,23,3,0.5,2,1,1,30,5,0
1452,116.43,gas_station,16,3,7.0,0,1,1,56,21,0
1453,244.82,electronics,14,5,2.8,0,1,1,40,134,0
1454,102.45,electronics,3,0,4.4,0,0,0,44,173,0
1455,4.7,grocery,5,6,31.5,0,0,1,49,120,0
1456,321.75,gas_station,15,5,8.6,0,1,0,48,163,0
1457,141.36,online_retail,3,1,4.8,5,0,1,50,106,0
1458,136.43,grocery,5,5,13.3,1,1,1,59,87,0
1459,30.15,grocery,4,2,2.3,3,0,1,43,131,0
1460,130.06,online_retail,15,4,4.5,1,1,1,35,161,0
1461,268.52,restaurant,15,6,52.1,0,0,0,29,38,1
1462,127.4,electronics,9,2,4.1,2,0,1,20,87,0
1463,14.53,restaurant,8,4,17.1,2,1,1,22,80,0
1464,129.7,gas_station,3,2,10.1,0,1,1,31,217,0
1465,894.01,travel,13,6,22.2,1,1,1,76,113,0
1466,6.93,travel,3,5,44.4,1,1,1,64,144,0
1467,454.58,travel,11,2,1.8,0,1,1,29,89,0
1468,63.69,online_retail,23,5,6.1,1,1,1,21,106,0
1469,1207.27,grocery,9,6,14.3,2,1,1,73,71,1
1470,184.0,restaurant,3,5,2.5,2,1,1,33,8,0
1471,101.45,electronics,17,1,24.9,3,0,1,28,131,0
1472,161.94,travel,12,5,21.4,3,0,1,53,69,0
1473,253.96,restaurant,12,0,9.9,2,1,0,55,128,0
1474,63.13,travel,13,2,11.6,1,1,1,74,19,0
1475,48.53,travel,17,6,0.9,0,1,1,65,135,0
1476,133.17,electronics,0,3,12.2,1,1,1,19,86,0
1477,198.93,gas_station,20,3,23.5,0,1,1,30,218,0
1478,173.4,gas_station,15,3,12.8,1,0,1,25,50,0
1479,514.06,gas_station,14,6,15.2,5,0,1,61,217,1
1480,69.64,online_retail,21,0,16.5,1,1,1,38,134,0
1481,205.34,grocery,4,5,6.7,1,1,1,43,133,0
1482,16.37,online_retail,5,2,11.8,1,0,1,55,230,0
1483,95.36,restaurant,5,4,10.0,0,0,1,52,61,0
1484,1.69,online_retail,2,4,7.2,1,0,1,32,230,0
1485,48.09,restaurant,15,6,19.0,2,1,1,57,214,0
1486,55.77,restaurant,11,1,32.3,0,1,1,47,95,0
1487,61.54,grocery,3,0,0.1,1,1,1,19,58,0
1488,143.68,electronics,0,2,40.7,0,1,1,33,150,0
1489,60.03,grocery,3,5,10.7,1,0,1,30,185,0
1490,72.46,gas_station,0,3,18.1,0,1,1,18,203,0
1491,33.55,gas_station,20,0,29.0,2,0,1,60,32,0
1492,57.07,online_retail,7,0,9.4,1,1,1,45,145,0
1493,115.53,restaurant,23,2,64.0,1,0,1,18,186,1
1494,10.12,travel,4,6,2.9,3,1,1,57,169,0
1495,111.99,travel,1,5,2.6,0,1,1,51,22,0
1496,133.39,restaurant,11,6,16.1,4,1,1,30,80,0
1497,116.95,grocery,21,6,30.6,4,1,1,78,42,0
1498,75.72,electronics,16,1,33.4,0,0,1,70,79,0
1499,58.32,grocery,6,6,15.5,3,1,1,19,136,0
1500,239.83,restaurant,10,5,11.2,1,0,1,76,46,0
1501,88.85,restaurant,3,1,6.0,1,1,1,21,176,0
1502,79.28,electronics,4,1,58.7,1,1,1,42,115,0
1503,4.12,online_retail,5,3,5.8,0,0,0,51,131,0
1504,51.09,online_retail,10,3,20.4,1,0,1,30,77,0
1505,58.4,electronics,0,2,11.4,3,1,1,53,30,0
1506,62.06,online_retail,9,5,14.1,1,0,1,49,28,0
1507,105.15,travel,19,6,7.5,2,1,1,78,73,0
1508,92.53,online_retail,23,1,50.2,1,1,1,75,204,0
1509,113.35,online_retail,20,2,12.7,2,0,1,38,153,0
1510,174.72,online_retail,10,1,41.7,3,1,1,43,165,0
1511,202.19,travel,23,0,0.1,3,1,1,32,213,0
1512,152.95,online_retail,16,4,12.8,1,1,1,46,179,0
1513,374.54,gas_station,7,4,18.9,1,1,1,43,39,0
1514,3.21,travel,12,1,20.5,2,1,0,38,231,0
1515,27.15,electronics,19,2,35.3,1,1,1,29,83,0
1516,1.91,grocery,17,3,0.1,4,0,0,29,200,0
1517,126.12,electronics,21,5,0.0,1,1,1,22,230,0
1518,274.97,grocery,15,1,9.6,1,1,1,78,67,0
1519,34.48,electronics,1,1,0.4,1,0,1,59,214,0
1520,315.13,gas_station,4,5,55.1,1,1,1,43,129,0
1521,8.46,grocery,17,6,3.8,2,0,1,49,38,0
1522,327.97,grocery,2,3,9.6,1,0,1,19,180,0
1523,52.99,restaurant,21,1,0.9,1,0,1,25,191,0
1524,13.83,grocery,16,0,11.1,1,1,1,44,52,0
1525,80.83,grocery,15,3,7.2,0,1,1,54,83,0
1526,36.61,restaurant,5,0,0.7,1,1,1,71,85,0
1527,41.24,online_retail,18,4,6.1,0,1,1,25,188,0
1528,45.06,online_retail,6,5,7.4,0,1,1,41,13,0
1529,195.96,restaurant,17,3,69.0,1,1,1,30,219,0
1530,93.96,travel,13,6,3.5,3,1,1,46,17,0
1531,45.76,grocery,5,3,11.8,0,1,1,30,84,0
1532,114.1,grocery,7,2,65.5,2,1,1,75,158,0
1533,152.12,restaurant,14,2,23.6,1,0,0,80,166,0
1534,39.2,restaurant,14,5,75.2,1,1,1,40,139,0
1535,65.04,travel,14,6,51.8,4,1,1,64,155,0
1536,16.6,gas_station,15,3,10.1,4,1,1,32,38,0
1537,24.98,online_retail,0,4,17.9,0,1,1,41,28,0
1538,138.15,electronics,10,6,1.8,0,1,1,75,154,0
1539,25.02,gas_station,4,1,8.7,1,1,1,60,103,0
1540,90.37,online_retail,4,5,24.8,0,1,1,40,161,0
1541,149.15,grocery,20,6,10.6,2,0,1,27,160,0
1542,14.56,gas_station,5,5,18.2,1,1,1,55,182,0
1543,101.53,restaurant,1,6,20.5,0,1,1,22,153,0
1544,36.58,travel,5,2,4.4,1,1,1,22,24,0
1545,396.38,online_retail,13,4,31.3,3,1,1,48,168,0
1546,80.29,travel,10,5,9.2,1,1,1,57,155,0
1547,197.78,online_retail,3,4,3.5,0,1,1,18,46,0
1548,96.88,gas_station,23,5,30.1,2,0,1,19,214,0
1549,6.33,grocery,8,2,8.1,0,1,1,66,84,0
1550,121.34,electronics,23,1,20.8,4,1,1,46,97,0
1551,363.9,travel,2,2,11.9,0,1,1,75,69,0
1552,111.44,travel,15,5,7.2,1,0,1,24,221,0
1553,206.24,electronics,10,4,24.9,0,1,1,46,69,0
1554,533.35,travel,3,0,42.3,2,1,1,74,238,1
1555,32.06,travel,0,2,7.4,2,0,1,72,39,0
1556,29.6,online_retail,20,4,1.7,0,0,1,26,209,0
1557,114.3,online_retail,21,6,33.9,0,1,1,53,157,0
1558,64.53,electronics,15,6,0.5,1,1,1,24,75,0
1559,220.81,grocery,18,2,29.8,2,1,1,45,86,0
1560,277.34,gas_station,15,5,6.7,0,1,1,27,31,0
1561,53.33,gas_station,10,6,15.3,0,1,1,33,231,0
1562,33.44,travel,7,4,38.3,0,0,1,27,65,0
1563,182.98,grocery,22,1,2.5,0,0,1,56,15,0
1564,39.56,electronics,0,4,12.6,1,1,1,75,83,0
1565,208.53,electronics,20,6,21.7,3,0,1,43,74,0
1566,67.14,online_retail,8,6,21.3,2,0,1,51,9,0
1567,133.15,travel,11,3,11.2,3,0,1,51,13,0
1568,13.05,restaurant,21,0,14.7,1,0,1,57,120,0
1569,118.34,electronics,7,5,21.3,2,1,1,31,45,0
1570,73.13,travel,16,4,27.6,0,1,1,35,90,0
1571,107.0,grocery,9,6,21.5,2,1,1,18,134,0
1572,23.07,online_retail,6,5,6.6,2,1,1,34,104,0
1573,161.21,gas_station,18,2,85.8,0,1,1,66,44,0
1574,239.36,grocery,5,2,8.6,0,1,1,39,2,0
1575,30.31,electronics,20,4,0.4,1,1,1,54,157,0
1576,13.07,electronics,23,3,6.8,1,1,1,33,176,0
1577,3.87,grocery,23,6,2.1,0,1,1,24,125,0
1578,124.26,electronics,18,4,1.9,0,1,0,32,12,0
1579,113.1,travel,17,1,5.0,1,1,1,68,215,0
1580,95.94,electronics,14,3,0.8,1,1,1,38,114,0
1581,32.67,online_retail,1,6,17.5,1,1,1,19,67,0
1582,60.49,travel,13,6,1.2,2,0,1,76,178,0
1583,109.31,restaurant,20,5,3.4,2,1,1,65,11,0
1584,83.4,electronics,9,4,1.5,2,1,1,42,5,0
1585,2592.86,electronics,15,6,2.8,2,1,1,26,45,1
1586,18.6,online_retail,6,5,4.7,1,1,1,37,202,0
1587,143.55,online_retail,7,6,12.7,1,1,1,67,117,0
1588,63.17,gas_station,9,0,50.2,3,1,0,27,175,0
1589,68.08,grocery,14,3,31.3,2,0,1,73,134,0
1590,152.73,grocery,7,4,31.3,0,0,1,69,80,0
1591,142.49,grocery,12,0,2.9,2,1,1,38,223,0
1592,569.73,online_retail,11,4,4.6,2,1,1,21,215,0
1593,17.49,grocery,7,1,1.2,1,1,1,47,94,0
1594,14.19,grocery,14,2,22.6,1,1,1,51,232,0
1595,393.03,restaurant,11,5,4.6,3,0,1,47,84,1
1596,104.64,grocery,10,4,12.2,0,1,1,31,89,0
1597,39.45,electronics,18,3,4.3,0,1,1,39,227,0
1598,10.93,gas_station,13,4,4.2,3,1,1,18,197,0
1599,11.75,online_retail,17,4,70.2,2,1,1,77,191,0
1600,270.53,travel,12,4,21.2,2,0,1,25,111,0
1601,26.56,gas_station,3,6,27.2,0,1,1,28,67,0
1602,47.88,restaurant,16,4,12.7,0,1,1,18,175,0
1603,31.84,online_retail,18,6,30.7,0,1,1,22,162,0
1604,53.62,online_retail,8,3,15.6,1,1,0,74,12,0
1605,9.63,electronics,22,3,43.8,1,1,1,62,27,0
1606,88.84,gas_station,6,4,5.0,2,1,1,66,197,0
1607,9.4,gas_station,0,6,13.6,0,1,1,27,105,0
1608,194.35,grocery,6,2,17.6,0,1,1,72,86,0
1609,32.94,electronics,6,4,7.5,2,1,1,79,196,0
1610,94.19,grocery,19,5,31.8,2,1,1,56,117,0
1611,255.51,grocery,6,5,58.5,0,1,1,30,156,0
1612,127.28,online_retail,7,3,10.2,1,1,1,38,199,0
1613,92.36,gas_station,15,5,7.4,3,0,1,53,240,0
1614,48.05,grocery,2,5,9.6,2,1,1,74,173,0
1615,49.6,restaurant,12,1,28.7,2,1,1,70,226,0
1616,133.85,restaurant,9,4,15.6,2,0,1,62,130,0
1617,617.74,gas_station,17,4,0.7,1,1,1,50,137,0
1618,131.11,restaurant,6,4,11.7,1,0,1,74,207,0
1619,98.91,online_retail,20,4,0.3,1,0,1,60,31,0
1620,158.41,electronics,20,0,22.6,4,1,0,45,164,0
1621,76.1,travel,4,4,6.0,1,0,1,70,113,0
1622,8.44,grocery,22,6,9.6,2,1,0,26,105,0
1623,472.12,travel,23,3,88.7,3,1,1,62,15,1
1624,380.34,electronics,21,6,0.7,1,0,1,28,97,0
1625,24.13,electronics,6,3,2.6,2,1,1,76,190,0
1626,141.54,online_retail,21,0,7.6,1,1,1,57,31,0
1627,27.92,restaurant,16,4,3.9,0,0,1,46,155,0
1628,93.1,restaurant,3,2,6.2,0,0,1,77,2,0
1629,13.2,electronics,23,6,94.6,2,1,1,75,201,0
1630,72.82,online_retail,22,4,26.2,0,0,1,24,43,0
1631,170.35,online_retail,15,3,32.3,2,1,1,78,115,0
1632,52.25,gas_station,18,6,41.5,0,1,1,44,123,0
1633,132.2,grocery,9,1,6.3,0,1,1,77,1,0
1634,191.43,restaurant,2,5,5.3,1,1,1,39,211,0
1635,315.37,electronics,2,1,4.0,1,1,1,74,9,0
1636,33.09,gas_station,16,2,26.6,1,1,1,48,188,0
1637,62.16,travel,9,4,17.1,2,1,1,47,130,0
1638,20.84,restaurant,16,0,4.0,0,1,1,45,101,0
1639,587.88,grocery,21,4,7.1,2,0,1,37,186,0
1640,315.08,online_retail,16,2,10.6,2,1,1,32,193,0
1641,94.17,electronics,20,2,11.3,0,1,0,32,110,0
1642,222.44,restaurant,3,5,32.9,0,0,1,70,140,0
1643,89.32,travel,20,2,7.2,1,1,0,29,183,0
1644,118.25,grocery,22,1,35.9,1,0,1,34,218,0
1645,12.2,grocery,5,5,8.7,2,1,1,40,138,0
1646,169.91,gas_station,11,4,20.6,1,1,1,23,111,0
1647,17.4,restaurant,21,6,39.9,1,1,1,62,65,0
1648,210.89,travel,19,4,35.7,0,1,1,33,65,0
1649,183.81,grocery,16,0,0.9,0,1,1,44,61,0
1650,149.03,electronics,16,2,3.5,2,1,1,40,235,0
1651,5.42,grocery,9,2,9.7,0,0,1,18,95,0
1652,44.34,travel,6,3,8.5,0,1,1,62,203,0
1653,37.64,online_retail,15,5,15.4,1,1,1,24,197,0
1654,54.58,online_retail,12,3,43.4,1,0,1,62,35,0
1655,12.01,gas_station,2,5,1.8,1,1,1,56,139,0
1656,332.67,restaurant,1,1,9.0,2,0,1,57,196,0
1657,97.84,travel,15,5,3.2,2,1,0,67,38,0
1658,44.75,gas_station,5,4,33.7,3,1,1,66,114,0
1659,61.7,grocery,5,0,50.1,0,1,1,65,39,0
1660,72.13,grocery,12,6,9.8,2,1,1,77,149,0
1661,111.13,online_retail,6,5,1.6,1,1,1,66,120,0
1662,88.0,gas_station,4,5,23.1,2,0,1,57,164,0
1663,303.18,online_retail,23,5,17.9,1,1,1,56,110,0
1664,83.45,electronics,6,0,6.6,0,1,1,74,220,0
1665,582.79,online_retail,1,2,32.8,0,1,1,35,200,0
1666,229.8,electronics,16,0,55.8,2,1,1,80,20,0
1667,29.06,grocery,12,2,12.2,1,1,1,53,43,0
1668,321.14,gas_station,20,6,12.5,1,1,1,73,238,0
1669,15.85,electronics,20,4,5.3,0,1,1,39,149,0
1670,205.09,gas_station,15,0,13.2,0,1,1,19,163,0
1671,58.48,gas_station,19,2,8.7,2,0,1,65,64,0
1672,253.42,electronics,1,4,5.4,0,1,1,43,107,0
1673,244.05,restaurant,4,4,1.0,2,1,1,67,32,0
1674,197.74,online_retail,17,2,4.4,0,0,1,49,36,0
1675,188.3,electronics,6,2,3.3,0,0,1,40,105,0
1676,44.61,grocery,10,1,11.7,2,1,1,74,69,0
1677,11.13,gas_station,10,4,13.8,0,0,1,57,109,0
1678,62.9,travel,21,2,14.1,2,1,1,63,180,0
1679,23.87,electronics,16,4,7.4,2,1,1,35,132,0
1680,143.47,online_retail,15,0,8.2,2,0,1,36,7,0
1681,51.98,gas_station,12,6,27.0,1,0,1,41,226,0
1682,446.63,restaurant,21,3,9.7,3,1,1,21,84,0
1683,123.92,grocery,4,3,66.1,1,1,1,71,199,0
1684,208.44,restaurant,19,5,8.7,0,1,1,77,152,0
1685,18.06,travel,15,2,15.7,0,1,0,63,149,0
1686,238.67,electronics,21,2,0.8,0,0,1,19,185,0
1687,308.3,gas_station,21,4,15.9,0,1,1,47,201,0
1688,81.11,electronics,15,5,28.6,2,1,1,66,147,0
1689,112.85,online_retail,15,2,42.8,2,1,1,55,212,0
1690,174.68,electronics,13,4,88.8,2,0,1,48,156,0
1691,24.06,grocery,5,2,5.0,1,1,1,57,160,0
1692,84.8,travel,1,4,12.8,0,1,1,78,34,0
1693,62.03,restaurant,13,2,9.0,0,0,1,33,16,0
1694,19.99,travel,15,1,12.4,3,1,1,80,38,0
1695,55.98,gas_station,22,6,2.6,0,0,1,70,115,0
1696,9.47,electronics,19,4,29.1,1,1,1,50,81,0
1697,4.14,gas_station,12,6,36.0,0,1,1,75,203,0
1698,18.43,restaurant,14,1,9.0,1,1,1,67,119,0
1699,396.99,gas_station,11,1,4.9,0,1,1,20,132,0
1700,96.7,online_retail,8,1,2.3,3,1,1,78,56,0
1701,406.14,travel,17,1,17.3,1,1,1,78,168,0
1702,68.98,restaurant,20,0,5.6,4,1,1,77,120,0
1703,45.84,restaurant,13,6,36.0,2,1,1,35,50,0
1704,85.66,restaurant,19,5,16.7,0,1,1,74,109,0
1705,70.47,grocery,3,6,15.6,4,1,1,27,117,0
1706,14.4,travel,7,3,12.3,1,1,1,19,168,0
1707,123.87,gas_station,7,0,0.7,1,1,1,68,106,0
1708,30.21,restaurant,21,2,40.3,1,1,0,47,82,0
1709,116.98,travel,21,2,14.8,1,1,1,47,114,0
1710,127.05,restaurant,15,5,76.9,0,1,1,42,49,0
1711,20.79,online_retail,23,3,11.6,1,1,1,60,48,0
1712,8.6,online_retail,9,3,18.6,0,1,1,68,134,0
1713,183.11,online_retail,20,3,0.9,3,1,0,73,238,0
1714,74.9,electronics,16,1,15.0,0,0,1,41,224,0
1715,8.19,restaurant,0,0,21.7,3,1,1,76,126,0
1716,633.63,electronics,17,2,22.6,0,1,1,79,133,0
1717,8.14,travel,9,0,22.1,0,1,0,52,79,0
1718,143.51,electronics,20,0,3.8,1,0,1,27,173,0
1719,494.84,travel,3,0,55.6,1,1,1,65,144,0
1720,33.8,travel,0,3,80.0,1,1,1,47,112,0
1721,19.41,travel,3,5,1.2,1,0,1,79,145,0
1722,16.53,gas_station,3,5,41.3,2,1,1,77,187,0
1723,44.36,electronics,3,3,5.1,5,1,1,43,120,0
1724,13.78,gas_station,16,2,17.5,0,1,1,52,184,0
1725,142.38,restaurant,8,2,6.2,2,1,1,41,101,0
1726,8.72,electronics,18,2,51.5,1,1,0,68,107,0
1727,86.46,restaurant,12,5,1.6,3,1,1,37,79,0
1728,686.55,restaurant,3,5,10.3,1,0,1,70,163,0
1729,202.82,travel,4,0,8.4,1,1,1,56,8,0
1730,115.61,electronics,12,3,5.9,1,0,1,66,99,0
1731,44.88,restaurant,22,1,15.6,2,0,1,57,61,0
1732,118.35,online_retail,15,0,2.1,0,1,1,52,100,0
1733,90.85,restaurant,21,4,18.9,2,1,1,56,27,0
1734,67.63,online_retail,4,5,59.1,1,1,1,76,206,0
1735,17.81,electronics,7,0,24.5,2,1,1,27,119,0
1736,262.22,gas_station,15,3,29.5,4,1,1,44,215,0
1737,72.69,electronics,0,4,6.7,1,1,1,68,20,0
1738,26.97,gas_station,22,6,5.9,0,0,1,74,57,0
1739,56.02,gas_station,5,0,10.9,2,1,1,32,198,0
1740,65.16,electronics,10,3,0.7,1,1,1,75,216,0
1741,211.91,restaurant,15,3,43.6,1,0,1,32,23,0
1742,159.74,grocery,4,5,2.3,0,1,1,54,100,0
1743,177.0,restaurant,15,1,35.0,3,1,1,52,204,0
1744,2.33,restaurant,6,0,1.3,1,1,1,20,130,0
1745,65.57,travel,18,3,25.9,0,1,1,46,155,0
1746,79.78,travel,0,2,2.5,1,1,1,21,160,0
1747,3.33,restaurant,8,3,0.6,6,0,1,64,221,0
1748,37.1,online_retail,17,1,19.1,1,1,1,33,178,0
1749,172.4,gas_station,12,3,4.9,1,1,1,22,192,0
1750,18.7,travel,14,5,18.8,0,1,1,38,238,0
1751,92.97,restaurant,2,6,12.1,1,1,0,57,40,0
1752,30.08,grocery,23,0,1.7,2,1,1,59,104,0
1753,9.93,online_retail,9,5,197.6,2,1,1,71,236,1
1754,34.12,electronics,8,0,9.0,2,1,1,38,33,0
1755,447.93,restaurant,12,4,19.9,0,1,1,19,29,0
1756,938.34,restaurant,15,0,35.9,0,1,0,31,33,1
1757,386.0,gas_station,2,4,13.9,0,0,1,22,100,0
1758,81.3,online_retail,21,5,5.4,0,1,1,24,145,0
1759,14.95,travel,22,2,3.4,1,1,1,28,74,0
1760,96.28,travel,14,1,11.7,1,1,0,52,65,0
1761,73.7,travel,16,2,8.7,1,1,1,47,122,0
1762,615.41,electronics,13,4,19.4,2,0,1,61,43,1
1763,13.39,online_retail,6,3,16.7,1,1,1,63,191,0
1764,81.39,online_retail,19,3,17.6,0,0,1,72,117,0
1765,20.51,travel,15,2,0.7,2,0,1,78,209,0
1766,48.11,travel,20,3,6.2,3,1,1,18,234,0
1767,161.44,gas_station,7,4,8.0,0,0,1,78,220,0
1768,78.56,grocery,3,5,1.5,1,0,1,71,230,0
1769,57.57,grocery,19,1,4.0,3,1,1,33,127,0
1770,61.2,restaurant,23,6,0.8,3,1,1,64,100,0
1771,74.82,restaurant,14,0,83.8,3,1,1,18,186,0
1772,185.46,online_retail,4,4,20.0,4,1,1,80,237,0
1773,268.17,online_retail,12,6,1.4,0,1,1,72,91,0
1774,1135.37,electronics,5,4,0.9,3,1,1,39,43,1
1775,186.52,electronics,4,0,19.1,0,1,1,30,165,0
1776,46.47,grocery,16,0,8.7,1,1,1,75,46,0
1777,140.82,restaurant,6,1,23.2,0,0,1,44,25,0
1778,70.07,grocery,5,1,38.6,0,1,1,32,98,0
1779,36.27,grocery,1,1,13.7,1,1,1,80,195,0
1780,221.57,restaurant,10,3,3.1,0,1,1,34,93,0
1781,5.7,electronics,6,4,22.9,2,1,1,26,99,0
1782,279.44,gas_station,21,5,46.8,2,0,1,22,235,0
1783,75.27,gas_station,20,0,13.0,0,1,1,76,105,0
1784,122.67,gas_station,7,4,17.2,1,0,1,40,179,0
1785,130.23,restaurant,4,6,6.2,1,1,1,61,74,0
1786,271.59,travel,17,4,7.2,1,0,1,66,117,0
1787,122.49,travel,21,1,19.9,1,0,1,60,38,0
1788,115.21,travel,15,1,39.4,1,0,1,28,166,0
1789,9.28,online_retail,13,4,14.9,0,1,1,41,1,0
1790,88.68,electronics,11,1,23.4,0,1,1,25,54,0
1791,20.53,electronics,16,3,2.8,1,1,1,64,193,0
1792,161.47,online_retail,4,0,3.6,3,1,1,74,96,0
1793,87.15,grocery,13,6,11.4,3,1,1,51,22,0
1794,137.82,gas_station,5,4,2.9,4,1,1,71,189,0
1795,6.11,travel,14,0,15.1,1,0,1,59,186,0
1796,11.63,gas_station,6,3,5.2,0,1,1,70,182,0
1797,152.19,travel,13,6,23.5,2,0,1,48,19,0
1798,9.98,gas_station,17,1,24.8,1,1,1,39,227,0
1799,9.87,grocery,0,2,9.3,3,1,1,31,198,0
1800,2.46,gas_station,5,3,3.0,1,1,1,22,34,0
1801,377.2,gas_station,2,2,15.6,2,1,1,76,207,0
1802,161.5,restaurant,4,0,74.0,0,1,1,80,44,0
1803,53.3,gas_station,11,4,14.6,0,0,1,34,117,0
1804,43.21,restaurant,10,6,0.5,2,1,1,35,234,0
1805,52.64,electronics,12,1,0.3,2,0,1,36,109,0
1806,179.81,online_retail,15,6,5.8,1,0,1,24,67,0
1807,130.94,gas_station,17,3,3.3,1,1,1,43,114,0
1808,25.58,electronics,16,1,25.2,3,0,1,42,180,0
1809,23.96,restaurant,16,2,27.9,0,0,1,35,229,0
1810,13.43,gas_station,10,2,4.5,3,0,1,61,22,0
1811,130.56,gas_station,19,5,5.9,2,0,1,32,237,0
1812,174.46,grocery,9,6,4.0,0,0,1,46,29,0
1813,37.95,electronics,15,4,35.9,2,1,1,63,142,0
1814,3.54,travel,1,2,10.5,0,1,1,59,222,0
1815,11.29,travel,16,4,16.0,0,0,1,66,62,0
1816,1030.99,grocery,21,5,33.9,1,0,0,80,15,1
1817,43.02,restaurant,19,3,15.0,0,1,1,18,221,0
1818,176.96,travel,9,5,7.3,0,1,1,21,142,0
1819,118.59,travel,12,4,6.2,1,1,0,26,115,0
1820,58.74,online_retail,11,2,15.1,2,1,1,53,195,0
1821,28.63,electronics,14,0,13.4,2,1,1,68,150,0
1822,16.53,restaurant,6,4,5.2,2,1,0,75,97,0
1823,115.55,gas_station,21,1,2.4,2,0,1,49,87,0
1824,179.8,electronics,20,0,6.9,1,1,1,41,125,0
1825,124.91,restaurant,12,6,8.0,3,1,1,74,120,0
1826,91.68,travel,11,4,14.9,0,0,1,54,7,0
1827,20.06,online_retail,11,1,140.2,1,0,1,35,84,1
1828,415.89,electronics,1,6,0.6,3,1,1,32,7,0
1829,193.36,travel,4,5,4.2,1,1,1,37,17,0
1830,42.58,restaurant,1,0,3.2,1,1,1,75,32,0
1831,470.26,electronics,22,4,10.5,3,0,1,57,125,0
1832,111.52,gas_station,19,3,8.4,0,1,1,19,79,0
1833,105.79,electronics,12,5,19.6,0,1,1,42,205,0
1834,166.43,travel,2,1,4.2,0,0,1,30,184,0
1835,201.41,electronics,10,3,13.5,1,0,1,44,62,0
1836,129.22,gas_station,15,2,32.3,2,1,1,30,58,0
1837,17.45,online_retail,0,5,36.2,1,1,1,79,111,0
1838,50.55,online_retail,18,5,47.8,1,1,1,45,186,0
1839,316.87,travel,10,4,22.3,1,1,0,63,131,0
1840,31.53,restaurant,8,4,35.5,1,1,1,32,89,0
1841,56.86,travel,13,1,4.0,2,1,0,46,224,0
1842,68.89,online_retail,8,5,3.3,1,1,1,38,80,0
1843,70.45,grocery,6,4,0.1,1,1,1,61,118,0
1844,114.9,grocery,15,2,18.4,0,0,1,48,1,0
1845,344.92,electronics,2,6,41.6,4,1,1,40,110,0
1846,34.04,gas_station,18,6,3.1,0,1,1,54,67,0
1847,16.54,electronics,3,6,15.2,0,0,1,20,148,0
1848,27.4,grocery,6,4,20.6,2,1,0,67,220,0
1849,1271.45,online_retail,22,5,85.5,3,0,1,52,214,1
1850,125.55,electronics,11,6,15.6,0,1,1,31,228,0
1851,41.41,travel,17,0,52.7,2,1,1,19,62,0
1852,204.1,gas_station,4,3,6.3,3,1,1,67,56,0
1853,238.11,travel,22,5,6.5,0,1,1,30,233,0
1854,225.9,gas_station,22,2,11.7,0,1,1,19,181,0
1855,302.49,online_retail,21,5,7.3,0,1,1,29,193,0
1856,35.88,electronics,9,2,0.0,1,1,1,44,56,0
1857,169.8,gas_station,11,5,19.7,1,1,1,51,78,0
1858,75.06,travel,7,6,20.9,0,1,1,57,173,0
1859,222.42,electronics,18,3,20.6,3,1,1,78,79,0
1860,157.45,electronics,14,3,6.3,3,1,1,22,96,0
1861,180.77,travel,0,2,11.1,1,0,1,78,146,0
1862,129.11,grocery,2,5,6.7,1,1,0,42,48,0
1863,24.44,gas_station,17,3,0.2,2,0,1,28,38,0
1864,95.5,travel,17,1,12.4,1,1,1,30,22,0
1865,502.35,online_retail,1,5,2.0,0,1,1,80,208,0
1866,333.5,restaurant,4,3,1.3,2,1,1,45,203,0
1867,6.3,travel,0,0,21.1,3,0,1,38,199,0
1868,22.61,electronics,9,0,0.1,0,0,1,66,73,0
1869,17.95,electronics,19,1,47.9,1,0,1,73,129,0
1870,156.35,travel,9,3,10.9,1,1,1,65,170,0
1871,205.31,restaurant,4,0,61.1,0,0,1,68,125,0
1872,29.82,travel,17,6,0.9,1,1,0,43,124,0
1873,85.59,restaurant,20,5,13.1,1,1,1,44,200,0
1874,221.44,restaurant,14,4,6.4,0,1,1,43,75,0
1875,159.37,online_retail,19,3,27.8,1,1,1,32,197,0
1876,94.77,gas_station,7,1,6.7,1,0,1,67,157,0
1877,108.09,electronics,16,3,4.5,1,1,1,78,134,0
1878,86.2,electronics,11,2,29.2,4,1,1,23,56,0
1879,43.38,restaurant,20,2,7.0,2,1,1,21,120,0
1880,100.9,electronics,11,0,0.3,1,0,1,21,12,0
1881,141.11,grocery,0,2,7.4,0,1,0,47,235,0
1882,248.93,restaurant,3,1,15.9,0,1,1,30,39,0
1883,122.37,electronics,7,0,4.4,0,1,1,26,199,0
1884,172.82,grocery,0,1,8.5,4,0,1,59,108,0
1885,21.93,online_retail,14,5,0.9,2,0,1,31,140,0
1886,75.29,electronics,17,1,13.3,0,1,1,45,33,0
1887,2.13,grocery,0,2,21.2,1,1,0,57,120,0
1888,34.99,travel,10,5,8.0,1,0,0,20,83,0
1889,156.56,gas_station,22,2,8.2,0,0,1,58,181,0
1890,577.58,travel,1,1,1.4,0,1,1,46,228,0
1891,13.53,grocery,0,2,3.4,1,1,1,50,19,0
1892,62.6,restaurant,11,2,2.5,0,0,1,32,186,0
1893,194.18,restaurant,15,2,9.9,2,1,1,64,85,0
1894,28.38,electronics,21,3,11.3,1,1,1,77,211,0
1895,98.18,travel,21,5,44.6,0,1,1,79,128,0
1896,159.49,restaurant,9,5,1.1,1,1,1,56,43,0
1897,115.85,restaurant,17,6,13.7,1,1,1,32,73,0
1898,25.99,travel,14,5,11.2,0,0,1,24,173,0
1899,53.69,online_retail,16,6,10.9,1,1,1,62,86,0
1900,184.78,restaurant,9,1,31.0,1,0,0,29,19,0
1901,97.95,gas_station,2,6,3.5,1,0,1,67,165,0
1902,1.63,grocery,20,6,0.6,2,1,1,56,11,0
1903,172.75,electronics,15,4,16.7,2,0,1,24,184,0
1904,5.31,restaurant,5,1,6.4,0,1,1,64,128,0
1905,613.91,gas_station,2,5,0.9,1,1,1,58,153,1
1906,28.15,gas_station,8,0,4.3,1,1,1,23,99,0
1907,381.62,restaurant,10,2,5.6,1,1,1,43,197,0
1908,56.05,online_retail,20,2,14.4,1,1,1,76,45,0
1909,48.51,grocery,12,4,2.8,2,1,1,75,62,0
1910,20.35,electronics,17,0,8.0,1,1,1,26,95,0
1911,44.77,restaurant,21,3,9.9,1,1,1,68,142,0
1912,252.13,electronics,23,6,9.2,1,0,1,41,205,0
1913,674.05,travel,21,1,54.7,1,0,1,69,34,0
1914,56.12,gas_station,3,3,0.7,1,1,1,47,98,0
1915,72.44,gas_station,21,0,45.2,1,1,1,33,210,0
1916,154.65,restaurant,23,4,13.1,2,1,1,65,60,0
1917,261.79,restaurant,7,0,23.8,2,1,1,44,64,0
1918,108.89,travel,12,4,8.4,2,0,1,50,198,0
1919,60.62,online_retail,9,3,9.1,3,0,1,40,179,0
1920,64.85,restaurant,1,3,31.7,5,1,1,62,42,0
1921,143.74,gas_station,7,0,33.9,0,1,1,36,149,0
1922,1.39,electronics,5,0,4.1,1,1,1,53,104,0
1923,116.98,grocery,15,6,3.3,0,1,1,36,133,0
1924,53.71,electronics,17,2,10.3,1,0,1,39,66,0
1925,190.7,online_retail,16,4,34.6,2,1,1,59,198,0
1926,12.71,grocery,5,2,5.8,1,0,1,62,114,0
1927,107.47,electronics,12,1,15.8,2,1,1,50,189,0
1928,79.7,electronics,22,1,18.5,0,1,1,62,136,0
1929,124.38,travel,13,0,22.6,1,1,1,27,66,0
1930,9.05,online_retail,20,3,12.4,1,1,1,64,87,0
1931,105.1,gas_station,9,1,7.7,1,0,1,49,62,0
1932,99.92,travel,23,1,51.2,2,0,1,78,148,0
1933,99.7,grocery,10,2,14.2,3,0,0,32,132,0
1934,112.01,gas_station,12,2,19.6,0,1,1,56,143,0
1935,136.41,travel,11,6,6.3,0,0,1,75,222,0
1936,197.16,online_retail,8,6,16.6,2,1,1,63,184,0
1937,38.74,restaurant,3,1,4.5,1,1,1,25,20,0
1938,210.19,restaurant,6,0,4.2,0,1,1,68,24,0
1939,83.76,grocery,23,2,18.8,1,1,1,42,9,0
1940,10.62,restaurant,21,1,11.1,0,0,1,35,116,0
1941,8.24,travel,1,3,17.2,2,1,1,32,149,0
1942,49.82,grocery,6,2,4.7,2,1,1,75,230,0
1943,185.4,gas_station,8,1,13.7,1,1,1,76,41,0
1944,148.59,online_retail,4,6,8.8,2,1,1,43,13,0
1945,187.49,grocery,14,4,13.6,1,1,0,58,133,0
1946,88.4,gas_station,17,2,5.2,1,1,0,61,192,0
1947,70.62,grocery,3,4,18.9,2,0,1,38,46,0
1948,20.14,electronics,18,2,24.6,1,1,0,39,78,0
1949,48.73,electronics,19,2,4.5,2,0,1,63,71,0
1950,69.3,grocery,6,6,5.4,1,1,1,51,198,0
1951,12.13,restaurant,7,5,16.2,1,1,1,54,59,0
1952,30.91,electronics,16,5,17.8,3,1,1,71,204,0
1953,110.42,online_retail,12,4,18.3,1,0,1,54,238,0
1954,160.66,gas_station,23,0,17.2,0,1,1,31,51,0
1955,769.66,travel,20,1,7.5,1,1,1,21,16,0
1956,325.57,electronics,22,0,7.5,1,0,1,41,51,0
1957,124.46,grocery,10,0,4.4,4,1,1,19,224,0
1958,66.63,restaurant,0,5,2.6,1,0,1,80,128,0
1959,122.33,travel,1,1,17.7,0,1,1,18,170,0
1960,603.61,gas_station,16,5,4.8,2,0,1,19,11,1
1961,16.11,gas_station,4,5,41.7,2,1,1,30,68,0
1962,64.3,electronics,5,6,26.3,2,1,1,44,121,0
1963,220.76,gas_station,23,5,29.2,1,1,1,69,221,0
1964,59.11,gas_station,6,3,35.6,0,1,0,34,180,0
1965,102.8,restaurant,20,0,7.9,0,0,1,74,226,0
1966,107.34,restaurant,14,6,28.1,1,0,1,62,201,0
1967,25.47,restaurant,18,6,2.6,0,1,0,34,138,0
1968,54.97,grocery,15,0,0.3,0,1,1,22,72,0
1969,49.87,gas_station,12,6,23.0,1,1,1,41,191,0
1970,4.19,gas_station,4,0,1.2,1,1,1,74,164,0
1971,3.94,gas_station,2,3,67.0,1,1,1,74,224,0
1972,214.84,online_retail,2,2,16.8,0,1,1,25,45,0
1973,39.27,restaurant,18,6,21.0,2,1,1,71,6,0
1974,88.6,travel,13,4,4.2,0,1,1,71,6,0
1975,43.58,electronics,15,4,16.8,0,1,1,78,91,0
1976,339.98,travel,21,3,0.7,3,1,1,61,194,0
1977,37.02,grocery,16,0,27.3,3,1,1,26,73,0
1978,68.38,grocery,3,4,2.8,1,1,1,35,64,0
1979,248.37,gas_station,12,3,17.9,2,0,1,33,38,0
1980,222.37,travel,7,5,3.8,1,1,1,68,197,0
1981,25.71,gas_station,18,1,1.1,1,1,1,49,226,0
1982,195.73,online_retail,4,4,9.9,1,0,1,71,189,0
1983,74.54,grocery,1,1,2.8,2,1,1,57,78,0
1984,80.16,grocery,14,0,19.6,0,1,1,56,202,0
1985,18.19,travel,1,4,4.1,1,1,1,73,63,0
1986,11.08,grocery,10,3,6.3,2,1,1,70,111,0
1987,157.21,online_retail,12,2,12.6,1,1,0,58,71,0
1988,83.33,online_retail,22,4,5.0,1,1,1,71,20,0
1989,69.91,online_retail,9,4,7.1,3,0,1,61,203,0
1990,157.9,electronics,2,4,25.4,1,1,1,63,77,0
1991,175.04,online_retail,4,4,3.0,1,1,1,49,64,0
1992,64.76,online_retail,2,3,6.4,1,0,1,59,209,1
1993,114.06,electronics,5,3,6.0,1,1,1,65,37,0
1994,18.45,gas_station,12,2,8.3,1,1,1,78,108,0
1995,168.02,restaurant,9,3,11.7,1,1,1,19,164,0
1996,129.39,grocery,18,3,7.0,1,1,1,55,225,0
1997,377.52,online_retail,7,0,23.4,2,0,1,60,10,0
1998,9.57,grocery,17,6,0.6,0,0,1,21,162,0
1999,30.22,travel,2,0,41.8,2,1,1,22,45,1
2000,40.79,grocery,23,6,7.2,0,0,1,54,63,0
2001,37.41,gas_station,23,1,15.6,3,1,1,66,13,0
2002,35.04,electronics,16,2,50.8,1,1,1,75,25,0
2003,285.06,grocery,7,6,10.7,0,1,1,54,127,0
2004,35.45,grocery,9,0,65.0,2,1,1,43,44,0
2005,39.09,grocery,1,2,5.4,2,1,1,60,225,0
2006,171.95,restaurant,11,2,0.5,0,1,1,26,74,0
2007,72.68,restaurant,22,4,2.7,1,1,1,32,116,0
2008,180.91,travel,5,5,7.5,0,0,1,41,152,0
2009,9.11,electronics,1,5,5.7,1,0,1,41,69,0
2010,81.23,grocery,20,5,1.5,2,1,1,52,202,0
2011,5.1,grocery,22,2,8.5,2,1,1,65,231,0
2012,8.76,grocery,23,4,6.2,0,1,1,58,47,0
2013,285.3,grocery,2,1,2.0,2,0,1,42,91,0
2014,18.99,restaurant,16,1,5.3,0,0,1,43,50,0
2015,92.22,gas_station,6,5,32.6,1,1,1,80,116,0
2016,64.54,gas_station,20,1,5.4,1,1,1,40,164,0
2017,52.2,travel,4,4,18.8,0,1,1,23,33,0
2018,277.11,online_retail,22,5,14.2,2,1,1,58,92,0
2019,3.65,electronics,0,6,8.4,2,1,1,44,104,0
2020,131.8,gas_station,7,6,4.1,1,1,0,71,235,0
2021,397.91,grocery,11,4,6.9,0,1,1,36,131,0
2022,99.56,gas_station,13,1,13.5,1,1,1,48,159,0
2023,332.42,travel,15,5,6.5,0,1,0,55,60,0
2024,7.44,online_retail,9,6,3.6,0,0,1,60,29,0
2025,66.12,gas_station,14,4,1.9,1,1,1,49,172,0
2026,37.16,travel,20,3,31.8,0,0,1,19,173,0
2027,158.49,restaurant,23,6,8.7,0,1,1,35,116,0
2028,478.49,online_retail,14,3,14.7,2,1,1,45,236,0
2029,36.57,travel,9,4,10.1,1,1,1,24,42,0
2030,535.47,gas_station,20,4,148.1,3,0,1,73,149,1
2031,27.49,restaurant,6,0,11.9,0,1,1,40,32,0
2032,100.98,travel,2,6,9.8,1,1,1,70,156,0
2033,75.82,travel,1,0,38.8,2,1,1,53,213,0
2034,430.09,gas_station,5,2,19.1,1,1,1,41,175,0
2035,113.54,online_retail,20,6,1.8,1,1,1,45,99,0
2036,52.6,restaurant,8,5,2.9,1,0,1,42,222,0
2037,15.54,grocery,9,2,23.2,0,0,1,56,120,0
2038,20.68,electronics,3,2,27.1,0,0,1,66,47,0
2039,31.64,online_retail,2,1,11.8,1,0,1,21,17,0
2040,35.68,restaurant,8,3,12.1,1,1,1,62,29,0
2041,229.15,travel,23,1,15.0,0,1,0,69,48,0
2042,99.85,restaurant,21,5,8.7,2,1,1,75,130,0
2043,89.93,electronics,16,4,17.1,0,1,1,36,33,0
2044,15.63,gas_station,13,0,1.7,1,0,1,21,128,0
2045,237.05,electronics,9,5,48.8,1,1,1,74,191,0
2046,154.97,grocery,12,4,20.8,1,0,1,30,68,0
2047,9.41,grocery,11,5,15.0,2,0,1,18,39,0
2048,148.65,electronics,0,4,5.7,2,1,1,80,217,0
2049,95.11,online_retail,21,6,2.6,0,1,1,51,133,0
2050,11.23,online_retail,18,0,7.9,2,1,1,24,119,0
2051,74.57,travel,18,4,16.3,1,1,1,79,68,0
2052,80.56,grocery,5,2,15.1,3,1,1,42,52,0
2053,22.75,travel,12,5,7.2,2,1,1,40,180,0
2054,350.58,grocery,18,0,14.3,2,1,1,47,157,0
2055,228.63,electronics,12,4,25.2,0,0,1,66,165,0
2056,133.68,online_retail,21,2,0.4,0,1,1,78,136,0
2057,75.45,online_retail,20,2,9.0,3,1,1,24,148,0
2058,64.68,electronics,3,6,21.3,2,0,1,71,169,0
2059,127.31,travel,23,3,11.8,0,1,1,62,70,0
2060,95.61,travel,1,2,15.8,1,1,1,34,36,0
2061,8.72,restaurant,14,1,10.9,0,0,1,50,32,0
2062,87.22,grocery,11,0,72.2,2,0,1,77,5,0
2063,198.04,travel,6,0,0.8,1,0,1,19,104,0
2064,74.77,electronics,19,0,10.1,1,1,1,55,148,0
2065,7.4,travel,17,4,1.4,0,1,1,61,237,0
2066,186.17,online_retail,22,5,2.6,2,1,1,30,68,0
2067,27.98,grocery,12,4,7.2,3,0,1,69,231,0
2068,36.91,gas_station,16,1,2.5,0,1,0,69,150,0
2069,22.6,restaurant,3,5,49.7,0,1,1,49,225,0
2070,49.1,grocery,13,6,44.0,1,0,1,39,159,0
2071,170.64,online_retail,19,2,6.1,0,0,1,26,169,0
2072,88.92,online_retail,12,4,15.3,0,1,1,34,221,0
2073,28.51,online_retail,2,5,11.4,0,1,1,79,5,0
2074,253.28,online_retail,17,2,25.4,1,1,1,35,10,0
2075,255.01,electronics,13,5,14.8,0,0,1,57,203,0
2076,246.36,restaurant,14,2,0.0,2,1,1,57,114,0
2077,33.74,gas_station,2,5,21.6,1,1,1,44,165,0
2078,235.12,online_retail,0,4,108.6,4,1,0,28,56,1
2079,1359.49,online_retail,23,4,58.8,0,0,1,71,86,1
2080,178.42,travel,16,1,35.0,1,1,1,71,152,0
2081,16.18,restaurant,2,6,82.0,4,0,1,45,213,1
2082,9.09,grocery,13,6,11.1,1,1,1,25,100,0
2083,75.82,restaurant,2,3,14.0,1,1,1,67,144,0
2084,288.92,restaurant,12,0,84.9,4,0,1,35,2,0
2085,93.85,gas_station,14,4,5.3,1,1,1,30,143,0
2086,83.65,restaurant,17,4,5.9,1,1,1,50,169,0
2087,14.38,gas_station,13,2,3.0,2,1,1,32,63,0
2088,129.33,online_retail,20,3,33.9,3,1,1,39,177,0
2089,208.19,online_retail,2,6,20.5,2,0,1,80,154,0
2090,58.45,electronics,18,4,1.7,2,0,1,55,94,0
2091,180.33,gas_station,7,5,60.1,1,1,1,47,66,0
2092,401.51,gas_station,3,6,19.7,2,1,1,23,118,0
2093,28.34,grocery,3,3,28.5,3,1,1,62,29,0
2094,89.91,travel,18,0,0.7,0,0,1,76,198,0
2095,41.62,restaurant,10,5,10.5,1,1,1,51,188,0
2096,189.92,grocery,0,2,18.0,1,0,1,72,193,0
2097,104.41,gas_station,7,1,11.7,2,1,1,36,40,0
2098,121.81,grocery,14,5,16.5,3,0,1,66,11,0
2099,597.32,electronics,0,6,101.3,4,0,1,50,180,1
2100,61.5,travel,6,0,7.0,2,1,0,31,126,0
2101,296.94,gas_station,20,5,28.3,2,0,1,65,87,0
2102,92.38,gas_station,19,3,2.7,0,1,1,64,90,0
2103,21.63,restaurant,19,3,4.7,0,1,1,58,223,0
2104,143.85,travel,23,0,0.7,1,1,1,36,79,0
2105,190.16,electronics,10,6,6.8,0,1,1,57,201,0
2106,46.71,online_retail,13,3,7.2,2,1,1,32,192,0
2107,234.54,grocery,21,5,24.5,2,1,1,27,226,0
2108,284.92,restaurant,15,1,15.9,1,1,1,72,103,0
2109,39.91,gas_station,13,5,8.6,1,1,1,78,81,0
2110,493.68,online_retail,11,1,15.8,1,1,1,19,99,0
2111,19.2,electronics,16,3,0.8,2,1,1,67,100,0
2112,28.08,travel,13,5,3.0,3,1,1,69,131,0
2113,25.43,grocery,9,3,14.8,4,1,1,19,232,0
2114,270.31,restaurant,23,6,15.4,1,0,1,38,11,0
2115,128.46,gas_station,13,1,22.3,1,1,1,29,28,0
2116,20.8,gas_station,17,6,7.7,1,1,1,27,190,0
2117,70.65,online_retail,21,3,19.2,3,1,1,29,48,0
2118,115.63,online_retail,8,4,17.3,0,1,1,56,28,0
2119,11.46,grocery,16,2,49.6,0,1,1,19,46,0
2120,257.87,travel,5,5,3.6,1,1,1,74,192,0
2121,196.31,electronics,7,4,12.0,1,1,1,18,55,0
2122,85.43,travel,12,6,13.8,2,1,0,19,83,0
2123,410.81,travel,17,3,99.1,0,1,1,40,119,0
2124,65.9,travel,4,3,3.4,0,1,1,45,2,0
2125,498.05,grocery,5,2,11.1,1,1,1,70,224,0
2126,133.29,grocery,20,3,6.4,2,1,1,34,236,0
2127,121.83,electronics,18,2,11.2,1,1,1,69,203,0
2128,22.78,travel,3,5,4.0,1,1,1,57,144,0
2129,257.38,grocery,6,1,0.7,1,1,1,38,11,0
2130,67.93,electronics,3,2,12.7,1,0,0,61,3,0
2131,22.24,gas_station,10,2,6.1,2,0,1,51,183,0
2132,2.52,electronics,11,4,3.0,2,1,1,26,42,0
2133,99.45,travel,13,3,5.9,4,1,1,34,157,0
2134,90.94,restaurant,12,5,0.8,0,1,1,66,197,0
2135,153.48,travel,9,1,45.1,1,1,0,59,92,0
2136,266.15,restaurant,17,0,13.1,0,1,1,62,159,0
2137,10.93,electronics,15,6,25.3,2,1,1,49,77,0
2138,158.79,gas_station,4,2,8.3,2,1,1,22,153,0
2139,25.9,gas_station,7,0,35.0,0,1,0,31,120,0
2140,235.38,grocery,13,3,9.9,1,1,1,63,134,0
2141,206.15,gas_station,4,6,12.8,1,1,1,64,188,0
2142,94.39,online_retail,23,2,10.2,0,0,1,42,116,0
2143,149.65,electronics,7,0,19.8,2,1,1,39,67,0
2144,46.29,grocery,5,4,12.5,0,1,1,80,150,0
2145,77.45,gas_station,15,0,4.8,2,1,1,22,41,0
2146,207.87,electronics,3,6,2.4,1,1,1,71,181,0
2147,74.78,travel,11,4,14.0,1,1,0,55,188,0
2148,54.14,gas_station,10,6,10.1,1,1,1,26,39,0
2149,82.8,restaurant,2,1,1.5,3,1,1,78,55,0
2150,212.41,electronics,11,3,7.6,0,0,1,48,224,0
2151,49.99,grocery,4,5,10.8,1,1,0,58,158,0
2152,23.9,travel,5,0,26.3,2,1,1,38,71,0
2153,150.38,online_retail,18,2,1.2,2,0,1,53,217,0
2154,210.83,travel,17,6,6.4,2,1,0,18,130,0
2155,68.42,gas_station,15,6,67.2,2,0,0,39,8,1
2156,33.91,restaurant,22,3,15.7,0,0,1,40,114,0
2157,19.37,travel,10,0,5.1,1,1,0,40,63,0
2158,52.31,online_retail,4,2,28.0,0,1,1,32,187,0
2159,241.99,grocery,8,2,34.8,2,0,1,63,97,1
2160,166.79,electronics,2,6,10.3,2,0,1,18,156,0
2161,127.37,restaurant,7,5,56.3,2,1,1,23,74,0
2162,117.4,online_retail,5,6,44.1,1,1,1,57,166,0
2163,53.13,gas_station,3,5,6.7,0,1,1,52,18,0
2164,222.0,gas_station,11,6,2.3,1,0,1,34,190,0
2165,77.48,gas_station,11,6,5.9,2,1,1,78,205,0
2166,465.19,restaurant,20,2,0.5,0,0,1,40,213,0
2167,121.66,travel,15,5,0.3,3,0,1,37,97,0
2168,17.2,restaurant,9,2,7.6,0,0,0,45,23,0
2169,136.31,gas_station,21,0,42.5,0,1,1,54,193,0
2170,48.18,online_retail,13,6,30.8,1,1,1,35,236,0
2171,140.13,electronics,12,1,10.7,2,1,1,24,124,0
2172,9.66,electronics,8,5,12.5,6,1,0,79,168,0
2173,24.07,restaurant,6,4,0.1,2,1,1,66,60,0
2174,233.33,gas_station,11,4,3.6,0,1,0,64,85,0
2175,31.93,grocery,4,4,0.4,0,1,1,37,5,0
2176,218.71,restaurant,17,1,21.1,0,1,1,41,99,0
2177,40.3,gas_station,3,2,2.4,1,0,1,33,146,0
2178,124.56,travel,1,2,30.5,2,1,1,30,166,0
2179,143.16,electronics,2,3,15.5,0,1,1,45,228,0
2180,87.25,electronics,11,4,3.9,5,1,1,24,111,0
2181,44.71,electronics,2,4,2.6,0,0,1,32,157,0
2182,29.69,grocery,3,2,14.8,1,0,1,40,154,0
2183,5.05,gas_station,5,4,34.7,3,1,1,40,60,0
2184,44.48,gas_station,11,2,19.0,1,1,1,77,164,0
2185,128.07,gas_station,18,6,6.4,1,0,1,48,230,0
2186,335.27,gas_station,9,6,13.3,4,1,1,22,114,0
2187,246.94,grocery,0,2,5.6,0,1,1,44,82,0
2188,175.33,online_retail,16,5,106.0,0,1,1,61,157,0
2189,187.39,restaurant,15,2,20.7,2,1,1,77,159,0
2190,132.23,restaurant,8,0,14.3,1,1,1,27,191,0
2191,37.18,gas_station,20,0,8.3,0,1,1,68,106,0
2192,286.27,travel,8,0,14.4,1,1,1,59,141,0
2193,134.31,electronics,22,0,6.3,0,1,1,78,118,0
2194,99.64,grocery,8,1,0.4,1,1,1,24,222,0
2195,15.12,travel,11,3,7.5,0,1,1,73,199,0
2196,72.1,travel,22,3,40.0,1,1,1,49,123,0
2197,75.02,gas_station,8,2,14.8,0,1,1,40,168,0
2198,240.91,grocery,14,6,1.3,0,1,0,71,121,0
2199,95.93,restaurant,1,4,32.4,0,1,1,64,198,0
2200,58.44,electronics,10,0,4.7,0,1,1,26,2,0
2201,452.63,restaurant,10,3,4.2,2,1,1,46,118,0
2202,15.08,travel,7,3,5.3,0,1,1,44,136,0
2203,66.9,electronics,22,0,12.9,0,1,1,55,74,0
2204,20.32,online_retail,5,6,54.9,1,1,0,38,127,1
2205,162.6,travel,20,1,10.1,0,1,1,60,118,0
2206,301.24,restaurant,19,1,19.0,1,1,1,23,108,0
2207,40.43,restaurant,6,3,5.7,0,1,1,43,43,0
2208,235.52,gas_station,2,1,22.9,1,0,1,37,177,0
2209,42.47,restaurant,7,5,2.9,0,0,1,78,112,0
2210,290.98,grocery,17,0,22.9,3,0,1,32,150,0
2211,169.27,travel,16,6,16.4,1,1,1,62,202,0
2212,197.11,electronics,10,3,17.2,2,1,1,55,163,0
2213,14.37,restaurant,1,0,43.6,2,0,1,37,19,1
2214,396.01,gas_station,20,1,16.5,2,1,0,70,132,0
2215,156.65,gas_station,23,0,1.2,2,1,1,32,19,0
2216,44.62,restaurant,18,1,28.6,2,1,1,46,233,0
2217,213.21,grocery,6,6,0.9,1,0,1,23,20,0
2218,40.67,gas_station,17,1,2.4,0,1,1,33,4,0
2219,248.4,electronics,7,0,12.9,2,1,1,18,49,0
2220,15.33,travel,13,6,20.2,0,1,1,79,154,0
2221,146.96,online_retail,6,1,1.2,1,1,1,23,3,0
2222,94.37,grocery,20,5,38.0,2,0,1,33,52,0
2223,36.29,gas_station,3,2,137.0,0,1,1,71,222,1
2224,34.23,travel,16,0,14.0,0,1,1,50,128,0
2225,2.5,online_retail,4,2,9.8,0,1,1,24,36,0
2226,76.91,restaurant,11,0,20.3,1,0,1,77,169,0
2227,44.02,restaurant,8,1,6.0,3,0,1,27,198,0
2228,110.46,electronics,19,1,10.2,4,0,1,70,179,0
2229,43.33,online_retail,12,6,37.2,0,0,1,25,103,0
2230,43.79,restaurant,17,3,46.7,3,1,1,79,219,0
2231,164.13,restaurant,19,5,39.3,1,0,1,38,16,0
2232,6.92,gas_station,8,3,4.6,0,1,1,43,47,0
2233,280.84,electronics,3,2,4.0,1,0,1,54,80,0
2234,230.48,travel,20,1,5.3,4,1,1,35,46,0
2235,133.24,restaurant,7,3,8.7,1,1,1,21,100,0
2236,108.94,grocery,0,1,5.7,3,1,1,37,183,0
2237,268.41,grocery,16,0,7.0,0,1,1,65,98,0
2238,25.6,travel,8,3,14.5,0,1,1,59,231,0
2239,10.87,online_retail,19,2,21.6,3,1,1,75,216,0
2240,33.86,electronics,12,6,20.0,1,1,1,65,124,0
2241,419.63,gas_station,1,3,127.2,0,0,0,57,167,1
2242,5.23,grocery,12,1,0.5,1,0,1,36,134,0
2243,105.9,grocery,8,4,0.7,0,0,1,50,84,0
2244,2954.87,travel,19,4,120.5,1,0,1,40,61,1
2245,233.3,online_retail,5,6,11.4,1,1,1,26,9,0
2246,89.44,online_retail,0,6,12.9,1,1,1,55,213,0
2247,8.89,travel,4,5,0.8,2,1,1,62,139,0
2248,214.61,grocery,2,6,4.4,1,0,1,62,240,0
2249,110.65,electronics,3,1,15.3,0,0,1,35,222,0
2250,15.65,grocery,0,0,29.4,2,0,1,63,65,0
2251,12.83,online_retail,13,3,37.3,1,0,1,19,91,0
2252,289.46,gas_station,8,6,10.4,0,1,1,65,122,0
2253,133.75,grocery,23,4,11.8,2,1,1,34,59,0
2254,213.13,electronics,3,0,26.9,2,0,1,71,112,0
2255,254.41,restaurant,17,1,11.6,2,1,1,33,113,0
2256,102.77,grocery,13,0,10.9,3,1,1,63,198,0
2257,88.44,travel,3,1,35.3,0,1,1,62,118,0
2258,68.54,restaurant,9,5,23.4,0,1,1,65,235,0
2259,46.74,travel,2,3,36.0,1,0,1,41,7,0
2260,69.43,travel,22,0,3.7,2,1,1,48,112,0
2261,179.4,travel,6,3,11.1,1,1,1,18,122,0
2262,111.53,grocery,9,0,27.7,0,1,1,45,61,0
2263,268.66,online_retail,12,1,1.8,1,1,1,66,57,0
2264,71.3,restaurant,3,1,23.7,2,0,1,50,86,0
2265,113.1,electronics,17,0,3.0,1,1,1,59,162,0
2266,120.74,online_retail,10,5,24.8,0,1,1,54,84,0
2267,108.49,grocery,3,1,14.2,2,1,1,56,45,0
2268,146.53,travel,23,2,3.2,3,0,1,21,45,0
2269,33.53,electronics,13,2,9.6,2,1,1,18,15,0
2270,87.18,restaurant,17,3,17.2,1,0,1,50,239,0
2271,14.21,online_retail,7,6,15.1,1,1,1,27,137,0
2272,59.24,gas_station,9,2,8.4,3,1,1,79,210,0
2273,81.25,online_retail,4,2,34.4,1,0,1,20,174,0
2274,481.21,electronics,22,5,28.1,3,1,1,54,174,1
2275,361.77,grocery,6,5,10.6,2,1,1,62,36,0
2276,111.15,restaurant,11,6,1.0,1,1,1,38,46,0
2277,164.32,electronics,2,4,38.3,0,1,0,74,42,0
2278,85.69,travel,3,6,2.9,1,1,1,26,158,0
2279,121.65,restaurant,9,4,11.3,0,1,1,74,139,0
2280,9.83,online_retail,3,5,24.4,1,1,1,57,118,0
2281,36.23,electronics,14,4,3.6,1,1,1,79,33,0
2282,54.9,online_retail,9,5,11.2,0,0,1,60,126,0
2283,77.75,online_retail,20,4,4.1,1,1,1,74,110,0
2284,6.61,online_retail,21,1,21.4,1,1,0,41,168,0
2285,19.1,grocery,15,5,12.5,2,1,1,78,70,0
2286,39.89,online_retail,14,6,29.1,0,1,1,63,171,0
2287,428.08,travel,18,3,33.7,1,1,0,25,110,0
2288,49.3,travel,19,3,15.7,0,0,1,41,167,0
2289,79.94,restaurant,18,5,19.4,3,0,1,41,125,0
2290,27.19,gas_station,17,2,12.0,0,1,1,70,214,0
2291,114.23,online_retail,11,3,7.3,0,1,1,27,39,0
2292,40.53,online_retail,15,6,15.7,1,1,1,52,181,0
2293,80.16,electronics,0,2,159.8,2,0,1,21,83,1
2294,88.22,grocery,15,3,8.1,1,1,1,74,214,0
2295,1.66,gas_station,1,0,5.7,0,1,1,72,159,0
2296,1.92,restaurant,23,0,7.4,0,1,1,61,106,0
2297,30.67,gas_station,14,5,8.6,0,1,1,26,63,0
2298,5.49,online_retail,6,6,1.1,2,1,1,28,25,0
2299,14.72,electronics,0,6,10.4,2,0,1,60,41,0
2300,50.65,grocery,4,3,10.2,0,1,1,65,178,0
2301,592.6,restaurant,9,1,76.9,4,1,1,30,59,1
2302,102.85,gas_station,21,2,6.8,1,1,1,44,177,0
2303,87.26,restaurant,20,3,14.2,1,1,1,47,30,0
2304,42.69,online_retail,3,5,31.6,1,1,1,63,45,0
2305,323.16,restaurant,13,2,46.7,1,0,1,56,196,0
2306,61.7,electronics,12,4,13.1,1,1,1,29,53,0
2307,11.93,restaurant,0,5,0.7,1,1,1,73,154,0
2308,116.19,travel,15,3,52.2,3,0,1,77,199,0
2309,15.5,electronics,22,1,18.4,2,1,1,36,40,0
2310,51.82,gas_station,8,4,6.1,0,1,1,57,240,0
2311,85.97,grocery,21,5,2.4,1,1,1,21,140,0
2312,249.79,grocery,15,3,2.3,3,0,1,71,1,0
2313,82.64,online_retail,18,0,2.8,1,1,1,66,70,0
2314,146.38,online_retail,14,6,0.7,0,1,1,51,129,0
2315,593.32,travel,13,3,34.9,1,1,1,40,136,0
2316,17.92,gas_station,19,0,11.7,3,1,0,71,236,0
2317,39.55,grocery,9,0,18.1,5,0,1,62,112,0
2318,61.22,grocery,20,5,26.4,3,1,1,43,33,0
2319,66.75,grocery,11,3,23.5,1,0,1,77,196,0
2320,64.52,grocery,0,6,32.1,1,1,1,70,115,0
2321,286.81,restaurant,20,3,51.3,1,1,1,24,178,0
2322,151.23,gas_station,16,0,8.7,2,0,1,35,104,0
2323,113.35,electronics,8,2,45.0,0,1,1,59,134,0
2324,45.42,electronics,22,4,19.3,1,1,1,21,237,0
2325,209.33,travel,18,1,1.1,1,1,1,70,188,0
2326,373.29,restaurant,17,3,17.2,1,1,1,25,191,0
2327,207.58,grocery,6,4,17.4,3,1,1,39,180,0
2328,1.19,grocery,8,4,35.4,1,0,1,71,131,0
2329,122.4,online_retail,21,2,7.0,1,0,1,70,79,0
2330,7.3,online_retail,20,4,13.2,1,0,1,43,198,0
2331,36.75,travel,11,3,0.2,1,0,1,30,6,0
2332,8.36,grocery,6,5,6.1,2,1,1,80,37,0
2333,112.1,travel,13,5,1.0,0,1,0,63,179,0
2334,140.23,restaurant,14,4,11.1,0,1,1,70,27,0
2335,15.59,electronics,14,3,25.5,3,0,1,34,106,0
2336,59.11,grocery,5,3,3.5,3,1,1,61,233,0
2337,74.11,gas_station,20,0,11.2,1,1,1,79,174,0
2338,56.26,restaurant,13,2,3.4,0,1,1,53,69,0
2339,16.48,grocery,1,6,1.9,2,1,1,58,123,0
2340,66.15,gas_station,7,1,10.7,0,1,1,64,231,0
2341,167.92,online_retail,12,6,1.2,0,1,1,32,145,0
2342,9.84,travel,22,0,13.3,1,0,1,35,215,0
2343,11.03,online_retail,5,1,0.5,1,1,1,44,17,0
2344,53.58,electronics,4,6,1.7,1,0,1,23,105,0
2345,342.11,online_retail,4,3,12.0,1,1,1,51,118,0
2346,133.52,grocery,0,5,13.4,1,0,1,58,23,0
2347,137.23,gas_station,8,0,0.4,1,1,1,22,39,0
2348,54.91,online_retail,5,6,12.8,0,0,1,74,161,0
2349,109.07,grocery,19,4,27.3,1,1,1,29,194,0
2350,2.22,electronics,6,4,19.2,0,1,1,46,10,0
2351,122.3,gas_station,8,1,2.1,2,0,1,75,83,0
2352,294.42,online_retail,4,3,13.5,2,1,1,54,168,0
2353,376.16,travel,13,5,39.7,2,1,1,29,73,1
2354,249.29,travel,4,1,0.6,0,1,1,42,143,0
2355,155.47,gas_station,7,6,29.0,1,1,1,64,43,0
2356,16.42,travel,6,6,35.5,1,1,1,51,88,0
2357,280.29,online_retail,12,5,28.5,0,1,1,28,12,0
2358,9.25,online_retail,12,6,26.1,0,1,1,40,22,0
2359,92.62,gas_station,7,2,20.5,0,1,1,41,18,0
2360,19.4,online_retail,10,5,15.1,2,0,1,68,194,0
2361,2.41,grocery,17,4,17.0,3,1,1,66,62,0
2362,66.79,electronics,18,6,24.6,5,1,1,35,189,0
2363,42.95,travel,5,6,16.3,2,1,1,80,188,0
2364,80.86,grocery,21,0,6.0,2,1,1,80,79,0
2365,104.3,gas_station,1,0,7.1,1,1,1,27,234,0
2366,6.37,travel,12,0,34.1,2,1,1,22,167,0
2367,67.69,grocery,22,5,0.8,1,0,0,48,201,1
2368,99.15,online_retail,10,4,18.0,1,0,1,79,150,0
2369,51.44,gas_station,0,5,46.4,1,1,1,42,209,0
2370,157.75,gas_station,23,3,18.4,1,1,1,70,142,0
2371,127.77,travel,1,4,76.5,1,1,1,34,223,0
2372,225.19,online_retail,16,4,17.4,1,0,1,45,105,0
2373,142.51,travel,7,5,0.5,2,0,1,18,7,0
2374,68.44,restaurant,1,5,26.3,3,1,1,62,239,0
2375,135.12,grocery,5,0,5.0,0,1,0,19,163,0
2376,39.65,restaurant,21,4,8.9,2,1,1,66,34,0
2377,44.89,grocery,4,0,5.6,1,1,1,64,195,0
2378,639.03,electronics,15,3,23.8,0,1,1,57,63,1
2379,71.96,gas_station,7,2,8.5,2,1,1,19,130,0
2380,193.16,travel,18,0,7.1,2,1,1,77,109,0
2381,208.4,electronics,15,5,15.0,0,1,0,44,219,0
2382,234.86,electronics,12,6,25.2,0,1,1,25,173,0
2383,953.5,gas_station,19,1,17.7,3,0,0,44,63,1
2384,68.66,gas_station,6,2,3.6,1,1,1,54,130,0
2385,47.08,grocery,15,3,16.5,1,1,1,34,182,0
2386,105.73,restaurant,22,6,16.6,2,0,1,21,51,0
2387,56.67,online_retail,15,5,34.7,1,1,1,61,41,0
2388,111.28,grocery,11,2,0.2,1,1,1,67,133,0
2389,147.73,online_retail,13,5,28.8,0,1,1,55,85,0
2390,140.93,electronics,23,0,11.0,2,1,1,48,71,0
2391,57.31,online_retail,17,6,14.6,3,1,1,22,153,0
2392,22.91,restaurant,17,5,1.4,0,0,1,77,237,0
2393,68.57,grocery,15,6,8.5,0,1,1,42,1,0
2394,19.46,gas_station,19,3,3.9,2,1,1,45,9,0
2395,1154.73,restaurant,15,1,25.6,1,0,1,36,194,1
2396,51.94,restaurant,12,0,10.5,1,1,1,54,195,0
2397,21.13,grocery,8,0,25.1,0,1,1,59,108,0
2398,4.09,gas_station,8,6,20.4,1,1,1,40,101,0
2399,125.55,restaurant,12,3,13.4,0,1,0,74,122,0
2400,122.57,gas_station,3,3,11.6,0,1,1,68,108,0
2401,50.97,travel,8,2,8.4,0,0,1,53,4,0
2402,9.93,travel,14,1,54.0,3,1,1,62,149,0
2403,64.24,travel,13,5,12.3,0,1,1,30,61,0
2404,45.74,online_retail,18,2,4.4,1,0,1,34,26,0
2405,136.66,restaurant,11,5,3.9,1,1,1,67,117,0
2406,112.7,grocery,20,5,14.2,1,1,1,68,172,0
2407,55.42,grocery,5,5,11.1,0,0,1,47,165,0
2408,30.49,online_retail,2,2,0.1,2,0,1,75,78,0
2409,532.1,grocery,21,0,26.6,0,1,1,72,238,0
2410,73.62,travel,19,3,18.3,3,0,1,40,138,0
2411,140.88,restaurant,15,0,16.3,1,1,1,66,218,0
2412,19.18,grocery,19,1,1.1,1,0,1,74,202,0
2413,80.77,grocery,23,2,6.7,0,0,1,20,229,0
2414,4.35,electronics,22,1,41.1,0,1,1,30,82,0
2415,189.41,electronics,16,3,134.0,2,1,1,49,219,1
2416,399.97,electronics,15,3,5.0,2,1,1,62,81,0
2417,234.21,restaurant,5,4,10.2,2,0,1,52,202,1
2418,5.77,travel,7,1,8.9,1,0,1,19,75,0
2419,4.77,gas_station,18,0,6.6,1,1,1,64,47,0
2420,59.92,travel,1,6,17.2,1,0,1,20,88,0
2421,21.93,travel,13,1,50.9,0,0,1,71,83,0
2422,12.85,restaurant,21,2,22.8,2,0,1,65,236,1
2423,170.38,restaurant,11,3,1.0,1,0,1,46,208,0
2424,74.61,electronics,16,3,34.2,3,1,1,27,151,0
2425,41.97,grocery,14,1,0.6,0,1,1,37,120,0
2426,277.41,online_retail,17,1,45.8,0,0,1,51,123,0
2427,15.81,online_retail,15,5,16.4,0,0,1,32,204,0
2428,375.61,gas_station,12,1,42.6,2,1,1,57,54,0
2429,46.22,grocery,20,5,3.3,1,1,1,62,187,0
2430,264.14,gas_station,16,2,0.6,1,0,1,18,147,0
2431,111.84,electronics,7,2,10.0,1,0,1,43,25,0
2432,211.33,gas_station,0,0,9.0,1,1,1,80,67,0
2433,497.32,grocery,2,1,6.0,1,1,1,73,141,0
2434,41.83,grocery,15,0,47.4,1,0,1,49,21,0
2435,1173.94,online_retail,1,6,76.6,3,0,1,19,22,1
2436,60.21,electronics,14,4,16.3,1,0,1,49,175,0
2437,59.44,restaurant,0,2,2.7,2,0,1,58,191,0
2438,50.93,gas_station,8,3,19.9,0,1,1,46,29,0
2439,94.55,online_retail,15,5,19.5,0,0,1,69,49,0
2440,21.09,gas_station,3,4,8.3,1,0,1,37,107,0
2441,467.8,gas_station,11,3,178.5,0,1,1,40,25,1
2442,94.63,restaurant,0,4,2.7,0,0,0,68,151,0
2443,173.21,electronics,0,0,4.7,1,0,1,29,76,0
2444,216.24,grocery,6,0,1.0,1,0,0,61,49,0
2445,70.67,travel,17,5,23.8,0,1,1,27,151,0
2446,44.2,gas_station,22,2,14.6,1,1,1,36,5,0
2447,37.02,travel,22,6,5.7,1,1,1,69,157,0
2448,26.97,electronics,14,5,2.7,0,1,1,27,5,0
2449,8.13,travel,12,6,0.6,2,1,1,36,39,0
2450,51.31,gas_station,15,3,2.7,2,1,1,43,227,0
2451,38.81,restaurant,6,4,9.1,3,1,1,41,163,0
2452,408.25,travel,15,5,4.3,1,0,1,26,81,0
2453,98.89,electronics,12,6,4.5,0,1,1,46,30,0
2454,52.19,electronics,13,1,31.3,1,1,1,46,184,0
2455,105.23,restaurant,16,1,10.9,3,1,1,54,2,0
2456,18.99,travel,11,2,19.6,0,1,1,45,15,0
2457,71.45,travel,23,6,0.5,2,0,1,78,51,0
2458,119.1,grocery,23,5,6.8,0,1,1,78,23,0
2459,81.54,online_retail,19,3,9.8,0,1,1,20,234,0
2460,62.66,electronics,12,1,3.1,0,1,0,40,26,0
2461,611.92,grocery,23,2,1.9,1,1,1,68,11,0
2462,255.75,electronics,19,5,30.6,3,1,1,71,128,0
2463,118.19,grocery,14,2,42.1,0,1,1,76,24,0
2464,102.1,online_retail,23,3,1.2,2,1,1,21,137,0
2465,117.32,grocery,20,1,6.4,2,1,1,72,206,0
2466,27.97,electronics,3,1,47.7,0,0,1,31,216,0
2467,61.33,travel,21,1,1.3,1,1,1,55,71,0
2468,5.83,electronics,1,6,15.5,0,1,1,30,138,0
2469,78.45,gas_station,17,0,53.8,1,1,1,45,225,0
2470,94.98,restaurant,1,6,57.4,1,1,1,80,97,0
2471,32.01,restaurant,14,1,9.6,0,1,1,56,110,0
2472,400.0,gas_station,18,4,2.7,2,1,1,61,219,0
2473,289.23,restaurant,14,0,3.4,3,1,1,77,72,0
2474,154.68,restaurant,19,5,33.1,2,1,1,37,206,0
2475,92.47,online_retail,9,6,36.4,3,1,1,45,71,0
2476,245.8,travel,23,0,14.0,0,1,1,77,210,0
2477,17.8,travel,19,0,21.8,0,0,1,49,185,0
2478,188.57,electronics,10,6,20.2,0,1,1,31,90,0
2479,17.0,gas_station,9,6,16.3,1,1,1,30,127,0
2480,190.71,grocery,22,0,26.3,2,0,1,28,233,0
2481,39.72,electronics,4,2,17.3,1,1,1,55,123,0
2482,252.56,electronics,8,4,11.5,1,1,1,75,143,0
2483,346.98,electronics,19,3,4.1,1,1,1,56,33,0
2484,20.33,electronics,18,1,20.4,1,1,1,59,139,0
2485,75.54,travel,12,6,9.6,0,1,1,73,147,0
2486,476.52,grocery,17,0,5.2,2,0,1,75,170,0
2487,80.26,electronics,16,3,24.3,1,1,1,32,210,0
2488,240.01,travel,5,6,17.9,3,1,1,26,214,0
2489,107.62,electronics,9,2,41.6,0,1,1,20,58,0
2490,57.46,restaurant,1,3,2.7,0,1,1,22,228,0
2491,41.39,electronics,23,0,15.7,1,1,1,45,146,0
2492,28.26,gas_station,5,5,4.2,1,1,1,59,146,0
2493,173.16,gas_station,20,4,35.1,2,1,1,32,22,0
2494,59.64,electronics,12,3,1.6,5,1,1,20,89,0
2495,86.91,online_retail,17,6,16.0,3,0,1,70,118,0
2496,82.35,restaurant,6,0,23.5,2,1,1,67,180,0
2497,104.33,grocery,1,6,6.6,1,1,1,52,44,0
2498,241.81,electronics,13,0,46.2,1,1,1,24,159,0
2499,474.96,grocery,4,1,28.5,2,1,1,47,9,0
2500,63.83,restaurant,17,5,5.2,1,1,1,41,50,0
2501,211.9,electronics,10,1,0.1,2,0,1,70,230,0
2502,174.54,online_retail,9,5,5.3,2,1,1,48,119,0
2503,103.27,travel,10,4,5.0,2,1,1,31,61,0
2504,375.96,online_retail,1,1,33.1,1,0,1,33,19,0
2505,27.85,online_retail,14,4,51.2,1,1,1,68,52,0
2506,14.88,travel,6,6,1.1,0,0,1,21,55,0
2507,231.87,travel,8,2,9.6,1,1,1,20,25,0
2508,70.4,gas_station,4,2,11.9,1,1,1,52,207,0
2509,226.25,travel,6,5,1.5,1,0,1,26,69,0
2510,1167.05,electronics,19,5,31.0,5,0,1,21,75,1
2511,8.74,grocery,1,1,5.7,1,1,1,71,141,0
2512,258.95,gas_station,2,2,11.5,0,1,1,36,162,0
2513,72.37,gas_station,1,3,16.2,2,1,1,41,72,0
2514,86.71,grocery,20,3,18.2,1,1,1,77,25,0
2515,119.21,gas_station,21,6,2.2,0,0,1,28,91,0
2516,314.06,travel,22,3,25.1,2,1,1,32,75,0
2517,3.32,online_retail,18,6,17.0,1,1,1,53,64,0
2518,78.74,restaurant,3,2,33.0,3,0,1,78,82,0
2519,140.66,travel,23,3,8.9,0,0,1,48,138,0
2520,154.92,online_retail,19,4,33.6,0,1,1,25,97,0
2521,142.53,online_retail,6,0,30.1,1,0,1,19,100,0
2522,18.32,gas_station,21,5,8.7,0,1,1,74,17,0
2523,116.14,electronics,6,1,24.7,1,0,0,67,5,1
2524,54.31,electronics,16,6,40.5,4,1,1,20,215,0
2525,196.82,gas_station,18,4,18.8,0,0,1,20,67,0
2526,40.21,gas_station,21,3,39.5,2,1,1,38,231,0
2527,29.39,grocery,15,0,23.9,1,1,1,68,101,0
2528,379.84,grocery,2,1,14.1,0,1,1,79,138,0
2529,2.07,restaurant,14,4,1.8,3,0,1,29,155,0
2530,736.46,restaurant,13,1,5.2,1,0,1,73,184,0
2531,136.55,restaurant,14,6,52.0,1,1,1,31,135,0
2532,212.56,restaurant,13,6,5.8,0,1,1,75,113,0
2533,42.88,online_retail,6,5,1.5,1,1,0,40,29,0
2534,10.8,online_retail,2,2,104.3,4,1,1,76,49,1
2535,161.67,grocery,16,6,19.9,3,1,1,30,167,0
2536,216.6,electronics,9,3,5.0,1,1,0,33,198,0
2537,162.87,gas_station,14,4,5.3,2,1,1,34,9,0
2538,19.5,electronics,5,4,9.5,3,1,1,71,200,0
2539,169.01,travel,16,0,0.3,0,0,1,35,189,0
2540,176.8,online_retail,16,0,23.4,1,1,1,30,78,0
2541,129.94,restaurant,13,0,5.7,0,1,1,78,182,0
2542,175.35,restaurant,23,1,28.8,1,1,1,73,230,0
2543,225.44,travel,17,3,24.3,2,1,1,43,137,0
2544,115.11,electronics,4,1,16.2,1,1,1,62,60,0
2545,12.13,restaurant,7,3,5.9,1,1,1,57,52,0
2546,81.24,electronics,6,4,10.9,1,1,1,56,121,0
2547,10.7,gas_station,22,6,8.8,2,1,1,48,75,0
2548,63.82,travel,3,6,6.2,0,1,1,57,11,0
2549,63.73,electronics,17,1,28.3,0,1,1,34,104,0
2550,9.19,gas_station,4,1,9.9,1,1,1,49,163,0
2551,52.48,electronics,15,1,26.8,0,1,1,73,75,0
2552,15.12,electronics,13,2,1.7,2,1,1,18,36,0
2553,199.18,restaurant,18,5,2.3,3,1,1,52,183,0
2554,355.06,grocery,13,3,56.8,3,1,1,53,131,0
2555,10.01,online_retail,8,6,13.3,2,0,1,36,109,0
2556,373.44,electronics,5,3,10.7,1,0,1,45,83,0
2557,89.72,electronics,16,1,11.1,0,1,1,19,200,0
2558,43.73,electronics,18,2,3.6,2,1,1,46,181,0
2559,10.6,grocery,11,1,19.0,2,1,0,60,28,0
2560,84.33,gas_station,3,3,1.3,1,1,1,46,53,0
2561,190.89,travel,15,5,12.8,1,1,0,60,54,0
2562,148.35,restaurant,10,6,12.7,1,1,1,36,181,0
2563,7.18,grocery,21,5,36.8,0,0,1,74,65,0
2564,10.08,gas_station,3,4,11.2,1,1,1,45,53,0
2565,62.88,electronics,16,2,2.2,0,0,1,51,40,0
2566,43.0,gas_station,7,5,12.8,0,1,1,48,222,0
2567,32.74,grocery,13,2,1.4,2,1,1,54,41,0
2568,40.59,grocery,1,1,3.4,1,1,1,36,166,0
2569,876.58,grocery,10,4,2.5,3,1,1,49,75,1
2570,318.8,travel,10,3,10.8,2,0,1,46,29,0
2571,63.32,online_retail,23,5,1.3,0,1,1,26,159,0
2572,284.88,restaurant,21,5,9.5,2,1,0,24,189,0
2573,47.54,travel,23,0,40.5,1,1,1,75,202,0
2574,78.65,travel,5,6,19.1,0,1,1,29,227,0
2575,31.75,online_retail,20,3,1.2,1,1,1,77,40,0
2576,123.76,travel,20,5,3.8,1,1,1,68,221,0
2577,464.48,grocery,13,5,16.8,2,1,1,48,229,0
2578,112.01,grocery,9,3,33.8,1,0,1,35,130,0
2579,54.15,gas_station,7,4,0.5,0,1,1,45,48,0
2580,126.23,electronics,6,2,25.1,1,1,1,67,1,0
2581,16.74,travel,7,3,12.4,1,1,1,38,59,0
2582,264.42,electronics,7,2,11.8,0,0,1,26,160,0
2583,84.92,restaurant,22,4,47.5,0,1,1,51,88,0
2584,72.6,grocery,1,4,20.7,0,0,1,51,2,0
2585,106.79,gas_station,15,1,28.5,2,1,1,64,59,0
2586,118.63,restaurant,8,0,6.6,1,1,1,41,131,0
2587,9.94,gas_station,12,4,12.1,0,1,1,33,201,0
2588,138.72,online_retail,22,4,14.3,2,0,1,45,49,0
2589,34.24,grocery,11,2,5.8,0,1,1,63,216,0
2590,151.19,restaurant,21,4,12.7,1,1,1,68,76,0
2591,208.48,online_retail,16,3,4.1,1,1,1,64,34,0
2592,196.53,restaurant,1,1,2.3,1,1,1,52,62,0
2593,97.49,gas_station,12,1,7.0,1,1,1,23,34,0
2594,89.12,online_retail,0,3,20.2,1,0,1,55,23,0
2595,96.88,online_retail,18,5,113.1,2,0,1,80,19,1
2596,180.18,grocery,10,4,9.2,2,0,1,71,180,0
2597,39.0,electronics,4,6,15.4,3,1,1,70,60,0
2598,83.39,gas_station,0,0,1.6,0,1,1,69,127,0
2599,41.13,gas_station,19,4,35.2,0,1,1,77,96,0
2600,18.24,online_retail,12,1,12.6,0,1,1,58,156,0
2601,120.17,online_retail,7,0,22.7,1,0,1,28,90,0
2602,7.7,grocery,5,6,23.7,0,1,1,21,49,0
2603,166.71,electronics,16,5,4.4,1,0,1,31,45,0
2604,46.85,gas_station,11,2,11.3,2,0,1,30,76,0
2605,1.02,travel,0,2,48.5,0,1,1,32,107,0
2606,86.88,travel,2,6,1.4,0,1,1,66,223,0
2607,27.68,electronics,13,4,99.3,1,1,0,25,60,1
2608,39.78,restaurant,7,4,49.2,1,1,1,60,203,0
2609,148.3,grocery,10,0,5.4,2,1,1,41,184,0
2610,8.77,electronics,13,0,29.6,4,0,1,28,232,0
2611,897.53,travel,7,5,204.4,2,1,1,65,132,1
2612,1.46,online_retail,2,4,20.6,0,1,1,52,146,0
2613,35.01,travel,6,1,3.9,0,0,1,42,157,0
2614,163.07,online_retail,18,2,6.1,1,0,1,40,239,0
2615,46.62,grocery,3,5,0.5,0,0,1,64,120,0
2616,13.9,online_retail,15,0,26.7,1,1,1,62,167,0
2617,54.6,electronics,12,1,28.4,3,1,1,24,55,0
2618,38.83,online_retail,19,4,15.0,0,1,1,22,186,0
2619,222.96,restaurant,18,3,6.5,0,1,1,49,175,0
2620,46.11,electronics,4,0,1.2,1,1,0,45,31,0
2621,187.67,grocery,22,5,21.0,0,1,0,61,115,0
2622,267.93,electronics,4,3,19.4,2,0,1,20,156,0
2623,69.26,restaurant,19,1,36.6,4,1,1,47,155,0
2624,289.88,grocery,23,6,19.7,3,1,1,75,30,0
2625,57.85,travel,3,2,26.5,1,1,1,61,49,0
2626,400.17,restaurant,1,6,20.6,0,1,1,22,170,0
2627,12.22,grocery,12,6,14.9,4,1,1,68,75,0
2628,140.39,online_retail,15,6,8.4,0,1,1,78,206,0
2629,82.7,electronics,21,1,34.9,2,0,1,68,68,0
2630,59.85,grocery,1,2,15.8,1,1,1,50,100,0
2631,121.19,electronics,18,1,7.6,2,1,1,37,129,0
2632,147.03,online_retail,16,6,1.3,1,1,1,47,172,0
2633,1.52,grocery,4,0,5.2,1,1,1,74,103,0
2634,22.92,travel,17,6,11.8,2,0,1,61,165,0
2635,150.81,restaurant,22,0,4.8,1,1,0,39,161,0
2636,132.73,grocery,20,5,3.8,3,1,1,39,149,0
2637,406.94,online_retail,17,6,11.2,0,1,1,55,88,0
2638,172.77,grocery,7,3,2.8,2,0,1,46,168,0
2639,362.36,electronics,14,1,24.2,0,1,1,38,189,0
2640,146.5,gas_station,12,6,9.9,2,1,1,35,114,0
2641,43.47,grocery,12,1,12.8,0,1,1,70,13,0
2642,14.36,travel,15,6,2.4,2,0,1,65,113,0
2643,183.69,grocery,21,3,5.9,1,0,1,28,226,0
2644,124.99,restaurant,19,6,7.9,2,1,1,27,166,0
2645,6.93,grocery,12,4,24.8,4,0,1,52,157,0
2646,54.56,gas_station,19,5,22.1,1,1,1,43,181,0
2647,378.03,electronics,1,1,3.8,0,1,1,76,64,0
2648,84.27,grocery,2,5,14.4,0,1,1,67,36,0
2649,69.03,travel,14,1,4.2,1,0,1,61,104,0
2650,74.43,online_retail,22,1,66.7,1,1,1,63,111,0
2651,29.12,grocery,18,4,45.6,1,0,1,21,5,0
2652,56.2,grocery,12,6,12.4,1,1,1,27,148,0
2653,56.41,restaurant,4,0,18.0,0,0,0,74,221,0
2654,7.45,travel,21,5,24.2,0,1,1,56,139,0
2655,176.1,gas_station,5,3,19.1,1,1,1,33,72,0
2656,65.65,online_retail,13,5,18.1,1,1,1,75,156,0
2657,208.24,electronics,3,6,47.8,1,1,1,58,177,0
2658,228.93,grocery,21,4,13.6,1,1,1,47,169,0
2659,29.59,gas_station,18,2,15.2,2,1,1,20,146,0
2660,129.53,online_retail,22,2,28.4,3,0,1,51,158,0
2661,77.7,electronics,6,4,16.6,1,1,1,42,128,0
2662,255.59,gas_station,3,6,19.8,0,1,1,55,142,0
2663,30.16,travel,1,4,4.0,2,1,1,59,56,0
2664,136.91,travel,6,0,7.0,2,1,1,53,73,0
2665,113.3,online_retail,2,5,2.4,1,1,0,21,202,0
2666,43.0,electronics,14,6,10.6,2,0,1,59,217,0
2667,18.63,travel,0,5,9.1,3,1,1,27,180,0
2668,489.74,online_retail,1,2,491.8,2,0,0,30,91,1
2669,162.0,travel,9,6,14.2,2,1,1,23,194,0
2670,46.51,travel,15,3,23.2,1,0,1,24,195,0
2671,125.22,gas_station,14,5,6.1,0,1,1,45,29,0
2672,61.33,gas_station,23,1,26.7,0,1,1,76,128,0
2673,150.88,travel,14,1,14.3,0,1,1,75,229,0
2674,27.66,restaurant,13,0,17.9,0,0,1,54,27,0
2675,266.11,gas_station,21,6,5.2,1,1,0,32,68,0
2676,41.66,electronics,13,0,11.9,2,1,1,47,163,0
2677,56.02,online_retail,5,6,15.1,1,1,1,57,91,0
2678,8.18,online_retail,13,2,13.3,1,0,1,27,211,0
2679,15.19,electronics,16,3,37.0,2,1,1,29,10,0
2680,88.05,electronics,17,3,34.3,2,1,1,34,127,0
2681,38.37,electronics,19,4,53.1,3,0,0,65,26,0
2682,217.57,electronics,18,0,16.5,1,0,1,47,71,0
2683,2.78,grocery,16,6,53.6,1,0,1,18,91,0
2684,58.19,online_retail,15,5,26.8,1,0,1,53,94,0
2685,50.38,grocery,7,1,4.7,0,1,1,57,76,0
2686,3.34,travel,6,5,8.4,2,1,1,76,104,0
2687,16.94,travel,19,1,4.1,2,1,1,41,189,0
2688,65.06,online_retail,11,2,0.1,0,0,1,55,197,0
2689,82.48,travel,8,1,3.1,2,0,1,38,184,0
2690,63.16,electronics,13,5,0.1,2,0,1,59,77,0
2691,91.84,grocery,19,5,19.1,0,1,1,49,192,0
2692,109.5,electronics,0,3,8.3,2,1,1,75,41,0
2693,2.2,travel,9,6,5.6,0,1,1,80,132,0
2694,75.86,gas_station,16,3,21.5,1,1,1,35,66,0
2695,398.25,grocery,16,0,26.8,1,1,1,30,165,0
2696,88.83,electronics,16,5,55.5,1,0,1,54,34,0
2697,136.81,online_retail,3,6,15.4,0,1,1,61,122,0
2698,45.85,electronics,16,2,9.3,2,1,1,38,50,0
2699,179.46,gas_station,17,1,5.5,2,1,1,35,198,0
2700,379.27,travel,19,0,9.7,2,0,1,57,90,1
2701,89.4,grocery,22,4,3.6,1,1,0,63,203,0
2702,448.63,online_retail,1,4,7.9,0,0,1,64,42,0
2703,17.1,grocery,7,6,72.0,0,1,1,43,129,0
2704,3.05,online_retail,12,1,0.0,3,1,1,22,34,0
2705,177.44,grocery,22,1,3.3,0,1,1,22,213,0
2706,198.5,travel,21,6,3.1,2,0,1,48,138,0
2707,16.37,online_retail,19,1,18.9,2,1,1,45,5,0
2708,38.04,restaurant,21,3,6.5,3,0,0,66,90,0
2709,3.12,grocery,14,1,9.2,1,1,1,30,172,0
2710,42.66,grocery,19,4,2.4,1,1,1,66,147,0
2711,179.01,electronics,22,1,7.8,0,1,1,28,149,0
2712,88.57,online_retail,8,5,1.6,1,1,1,80,121,0
2713,52.34,gas_station,2,6,11.4,2,1,1,18,162,0
2714,56.78,restaurant,2,2,1.5,0,1,1,41,29,0
2715,1.16,travel,1,4,23.4,1,0,1,30,102,0
2716,43.77,electronics,0,2,12.5,0,1,1,75,207,0
2717,125.77,restaurant,13,4,19.3,0,1,1,35,40,0
2718,439.86,online_retail,16,0,8.1,0,1,1,41,208,0
2719,226.33,restaurant,12,5,7.2,2,1,1,46,115,0
2720,3.87,grocery,18,4,1.6,1,1,1,45,18,0
2721,275.6,grocery,22,5,11.1,3,0,1,55,123,0
2722,184.45,electronics,14,4,10.8,1,1,0,62,49,0
2723,686.82,online_retail,13,2,20.3,2,0,1,70,189,1
2724,74.5,online_retail,1,2,20.2,3,1,1,39,65,0
2725,61.9,restaurant,6,6,26.8,0,1,1,37,203,0
2726,44.3,electronics,16,4,20.8,1,1,1,77,164,0
2727,9.15,online_retail,17,4,2.3,0,1,1,28,224,0
2728,32.09,gas_station,5,3,14.6,0,1,1,68,220,0
2729,34.98,gas_station,20,5,1.3,2,1,1,76,70,0
2730,355.07,grocery,7,5,70.7,4,0,0,37,7,1
2731,166.13,restaurant,1,5,7.2,1,0,1,58,61,0
2732,78.05,travel,0,5,2.1,1,1,1,30,192,0
2733,8.15,grocery,15,0,29.7,0,0,0,64,104,0
2734,380.81,electronics,6,0,14.3,0,1,0,41,88,0
2735,344.19,online_retail,21,1,6.6,1,1,1,60,202,0
2736,185.56,grocery,23,4,0.5,0,0,1,41,158,0
2737,570.72,travel,10,4,11.6,2,1,1,65,17,0
2738,95.36,travel,14,4,38.5,1,0,1,80,172,0
2739,395.87,gas_station,12,4,13.6,1,1,1,34,200,0
2740,10.43,electronics,23,5,53.4,0,1,1,22,76,0
2741,55.62,grocery,1,5,2.2,2,1,1,71,26,0
2742,31.65,restaurant,13,0,12.6,1,0,1,47,145,0
2743,27.15,grocery,23,2,24.0,1,1,1,31,163,0
2744,19.21,gas_station,5,3,11.2,1,1,1,32,174,0
2745,117.87,travel,8,5,1.4,3,1,0,26,108,0
2746,183.42,electronics,6,5,13.1,0,1,0,31,133,0
2747,104.61,electronics,17,6,14.2,0,1,1,27,45,0
2748,20.07,restaurant,23,5,19.6,0,0,0,75,75,0
2749,640.44,electronics,8,2,81.5,1,0,1,39,144,1
2750,122.26,gas_station,22,2,22.1,3,0,1,48,58,0
2751,59.96,gas_station,3,0,16.3,2,0,1,30,42,0
2752,135.55,gas_station,8,5,3.6,1,0,1,34,94,0
2753,37.12,electronics,3,6,7.8,4,0,1,18,188,0
2754,51.81,electronics,11,3,22.5,0,1,1,31,184,0
2755,300.37,gas_station,3,4,46.0,0,1,1,61,232,0
2756,42.18,electronics,23,5,1.2,1,0,0,56,134,0
2757,77.18,electronics,19,0,11.5,1,1,1,52,20,0
2758,266.03,travel,13,0,5.6,2,0,1,72,212,0
2759,148.61,grocery,23,3,3.8,1,1,1,70,24,0
2760,8.71,online_retail,23,6,10.6,1,0,1,18,91,0
2761,20.12,electronics,6,1,14.0,0,1,1,44,195,0
2762,1.94,online_retail,12,0,0.1,2,1,1,79,216,0
2763,120.61,online_retail,21,2,22.7,1,1,1,73,52,0
2764,72.23,travel,7,2,25.7,0,1,0,62,138,0
2765,18.3,electronics,22,4,50.5,3,0,1,74,153,0
2766,381.22,gas_station,4,0,3.0,0,1,1,39,220,0
2767,91.52,online_retail,11,6,13.5,0,0,1,51,210,0
2768,34.23,electronics,12,4,8.3,1,1,1,26,106,0
2769,84.32,restaurant,19,0,6.1,1,0,1,67,173,0
2770,137.59,gas_station,13,3,12.5,0,1,1,71,206,0
2771,10.52,restaurant,17,5,22.9,2,1,1,75,1,0
2772,39.54,restaurant,23,6,0.3,2,1,1,53,212,0
2773,198.39,online_retail,19,0,52.3,0,0,1,65,239,0
2774,74.87,restaurant,3,6,24.9,2,1,1,49,25,0
2775,95.91,travel,20,1,20.9,2,1,1,79,204,0
2776,69.05,travel,17,6,21.4,2,1,1,55,112,0
2777,6.39,online_retail,6,6,7.4,2,1,1,37,103,0
2778,22.75,electronics,14,2,20.9,1,0,1,44,238,0
2779,71.77,grocery,20,3,7.3,1,1,1,78,201,0
2780,29.16,electronics,5,5,34.3,0,1,1,20,137,0
2781,7.15,electronics,15,5,2.9,0,0,1,80,170,0
2782,223.68,electronics,19,2,5.2,2,1,1,77,191,0
2783,477.82,electronics,23,6,12.0,1,0,1,28,105,0
2784,190.09,gas_station,7,5,5.8,1,1,1,41,153,0
2785,231.72,grocery,20,4,8.3,0,0,1,46,222,0
2786,34.25,gas_station,15,3,10.2,0,1,1,22,48,0
2787,389.16,restaurant,21,1,29.1,2,0,1,50,183,0
2788,27.32,electronics,15,2,11.1,0,1,1,25,232,0
2789,363.97,travel,2,0,6.8,0,1,1,36,220,0
2790,632.54,online_retail,16,0,4.3,0,1,1,21,66,0
2791,150.26,online_retail,8,0,7.9,2,1,1,58,217,0
2792,477.51,gas_station,2,3,10.9,1,1,1,52,210,0
2793,102.15,gas_station,19,1,20.6,0,1,1,47,24,0
2794,37.06,travel,6,5,1.9,1,0,1,22,82,0
2795,69.94,electronics,17,1,3.8,0,1,1,77,91,0
2796,109.04,grocery,11,1,7.2,2,1,1,65,172,0
2797,10.11,restaurant,18,2,6.7,1,1,1,57,184,0
2798,117.85,online_retail,15,3,7.5,1,1,1,55,35,0
2799,477.73,restaurant,21,0,23.7,1,1,1,20,34,0
2800,26.3,grocery,23,2,5.9,2,0,1,33,230,0
2801,713.71,gas_station,16,5,57.5,3,0,1,25,6,1
2802,287.18,online_retail,19,1,14.7,1,1,1,62,177,0
2803,346.25,restaurant,14,6,4.0,2,1,1,22,144,0
2804,387.67,gas_station,0,0,19.0,0,1,1,55,215,0
2805,89.44,grocery,1,3,11.9,2,1,0,76,220,0
2806,455.29,restaurant,7,4,8.9,2,1,1,52,141,0
2807,170.92,electronics,21,1,24.9,0,0,0,25,12,0
2808,22.16,gas_station,1,1,4.2,2,1,1,53,139,0
2809,78.76,grocery,18,1,32.2,0,0,1,42,47,0
2810,153.04,restaurant,8,1,12.4,1,1,1,70,60,0
2811,35.1,electronics,8,0,14.1,2,1,0,66,49,0
2812,123.8,electronics,12,3,31.2,2,0,1,74,52,0
2813,132.81,grocery,5,2,25.5,1,1,1,25,61,0
2814,22.31,travel,14,0,13.8,0,1,1,38,214,0
2815,100.91,online_retail,18,3,21.0,0,1,1,68,95,0
2816,178.21,grocery,20,2,8.5,1,1,0,78,120,0
2817,83.91,electronics,14,1,11.9,1,1,1,63,219,0
2818,2.46,electronics,17,3,1.0,2,1,1,26,219,0
2819,2.09,grocery,6,1,1.4,2,1,1,49,40,0
2820,54.0,travel,10,6,26.5,1,0,0,61,90,0
2821,313.76,online_retail,7,3,0.9,1,1,1,30,71,0
2822,32.16,restaurant,5,5,2.8,1,1,1,40,203,0
2823,121.73,grocery,7,4,23.8,3,1,1,77,181,0
2824,31.14,online_retail,1,1,0.0,2,1,1,76,61,0
2825,47.57,online_retail,18,1,5.0,1,1,1,25,150,0
2826,227.1,gas_station,15,1,13.2,4,1,1,52,232,0
2827,157.62,electronics,6,5,13.6,0,1,1,71,211,0
2828,13.03,restaurant,9,0,22.5,2,1,1,45,38,0
2829,68.18,grocery,11,2,10.6,0,0,1,32,212,0
2830,4.55,electronics,16,1,10.7,2,0,1,69,61,0
2831,79.68,gas_station,6,1,19.4,2,1,0,46,211,0
2832,131.32,gas_station,21,0,10.4,2,1,1,68,83,0
2833,16.14,electronics,7,0,14.1,1,1,1,21,100,0
2834,41.91,travel,6,4,34.2,0,1,1,51,118,0
2835,61.87,online_retail,3,3,7.7,2,1,1,54,47,0
2836,303.39,grocery,2,1,7.3,0,0,1,41,27,0
2837,600.87,grocery,18,3,0.1,1,1,1,38,209,0
2838,6.51,grocery,14,6,14.3,2,0,1,19,146,0
2839,172.76,electronics,3,0,0.5,1,1,1,24,125,0
2840,56.77,travel,8,0,10.5,2,1,1,73,20,0
2841,60.8,restaurant,12,4,24.5,2,1,0,28,236,0
2842,169.42,gas_station,17,2,12.0,0,0,1,29,42,0
2843,301.75,electronics,20,5,4.7,1,1,1,21,41,0
2844,362.74,restaurant,15,5,23.1,0,1,1,52,72,0
2845,104.28,gas_station,0,5,4.7,1,1,1,80,58,0
2846,258.19,gas_station,3,0,53.2,2,0,1,57,40,1
2847,186.89,travel,17,1,14.1,1,0,1,43,203,0
2848,89.77,online_retail,7,4,5.9,3,1,1,35,119,1
2849,100.63,grocery,19,2,35.3,1,1,1,72,158,0
2850,54.29,restaurant,15,6,3.4,0,0,1,75,140,0
2851,129.27,electronics,20,5,68.5,0,0,1,73,118,0
2852,34.0,restaurant,10,4,0.1,0,1,1,54,62,0
2853,26.52,online_retail,19,0,4.6,3,0,1,33,190,0
2854,301.47,grocery,20,5,3.3,3,1,1,72,87,0
2855,13.88,restaurant,20,2,0.2,0,1,1,29,70,0
2856,85.62,online_retail,20,6,19.8,1,1,1,58,99,0
2857,30.95,electronics,18,3,17.7,2,1,1,78,143,0
2858,16.37,travel,22,6,97.2,2,0,1,57,124,1
2859,5.4,gas_station,18,2,4.4,2,1,1,54,230,0
2860,24.12,electronics,17,6,8.8,1,1,1,69,220,0
2861,242.88,grocery,18,1,16.1,2,0,1,36,7,0
2862,40.83,gas_station,10,5,8.7,2,0,0,32,134,0
2863,361.59,electronics,2,5,17.9,3,1,1,80,27,0
2864,105.56,electronics,7,3,15.1,0,1,1,39,2,0
2865,69.85,electronics,19,6,1.8,1,0,1,37,134,0
2866,105.13,electronics,18,3,22.8,1,0,1,60,61,0
2867,88.25,gas_station,9,6,19.1,1,0,1,69,160,0
2868,171.64,grocery,15,5,16.0,3,1,1,30,157,0
2869,40.84,online_retail,4,1,2.5,1,1,1,40,226,0
2870,53.26,restaurant,19,6,4.7,0,0,1,79,65,0
2871,270.42,travel,8,3,7.5,4,0,1,48,143,0
2872,352.27,restaurant,7,0,4.9,2,1,1,43,138,0
2873,268.7,restaurant,10,5,3.9,1,1,1,62,10,0
2874,66.25,travel,15,2,24.5,0,0,1,49,10,0
2875,182.89,gas_station,6,2,15.3,1,1,1,38,37,0
2876,78.63,grocery,14,1,12.5,1,1,1,34,32,0
2877,83.59,travel,23,0,3.8,2,1,1,46,36,0
2878,28.48,grocery,20,3,37.5,1,1,1,70,64,0
2879,108.32,gas_station,19,6,3.2,2,1,1,46,217,0
2880,25.72,restaurant,22,5,23.8,0,1,1,65,143,0
2881,49.34,grocery,16,2,51.0,2,1,1,39,73,0
2882,232.75,gas_station,5,2,19.5,1,0,1,66,16,0
2883,28.84,gas_station,14,2,74.1,6,0,1,36,105,0
2884,9.86,online_retail,7,2,15.8,2,0,1,71,83,0
2885,9.58,travel,6,4,3.7,0,0,1,31,174,0
2886,792.97,online_retail,1,1,9.2,1,1,1,80,122,1
2887,85.85,restaurant,12,3,5.9,0,1,1,80,172,0
2888,64.2,travel,22,5,0.1,1,1,1,72,76,0
2889,200.84,restaurant,5,5,17.2,4,1,1,56,35,0
2890,217.82,online_retail,4,5,4.7,1,1,1,40,125,0
2891,49.45,gas_station,19,3,25.3,1,1,1,58,51,0
2892,142.95,restaurant,0,1,6.7,1,0,1,19,107,0
2893,177.95,travel,17,0,9.8,3,1,1,68,186,0
2894,128.58,travel,14,6,50.6,0,1,0,72,5,0
2895,20.73,restaurant,22,6,4.2,3,1,1,49,166,0
2896,880.01,travel,9,1,42.2,2,1,1,55,6,1
2897,93.95,gas_station,2,2,21.1,1,0,1,79,179,0
2898,40.83,gas_station,4,6,3.7,3,1,1,50,142,0
2899,67.45,travel,23,2,10.4,0,1,1,75,176,0
2900,5.6,restaurant,12,1,6.5,1,0,1,24,12,0
2901,17.42,online_retail,7,1,22.2,1,1,0,65,114,0
2902,175.06,travel,21,3,14.6,2,1,0,51,214,0
2903,1.0,travel,20,3,9.7,2,1,1,21,237,0
2904,65.66,travel,1,4,22.7,2,0,1,40,180,0
2905,89.71,travel,8,5,4.0,0,1,1,37,233,0
2906,7.74,restaurant,16,4,21.0,1,0,1,39,114,0
2907,434.78,online_retail,17,5,30.1,2,0,1,63,68,0
2908,31.76,online_retail,12,2,31.6,1,1,1,46,107,0
2909,44.52,grocery,0,4,23.0,0,1,1,60,59,0
2910,44.48,travel,11,4,7.9,2,0,1,58,18,0
2911,32.43,travel,19,0,60.1,2,1,1,54,181,0
2912,1.18,grocery,19,1,7.2,2,0,1,20,31,0
2913,157.83,online_retail,20,3,15.3,0,1,1,39,35,0
2914,409.79,electronics,4,4,2.6,2,1,1,37,4,0
2915,31.48,gas_station,7,3,59.0,0,1,1,42,9,0
2916,131.54,electronics,14,5,18.3,0,1,1,51,109,0
2917,163.53,online_retail,2,4,21.0,0,1,1,59,143,0
2918,227.4,travel,5,5,1.0,0,0,1,70,42,0
2919,66.91,electronics,12,4,21.6,1,1,1,46,187,0
2920,44.3,restaurant,11,6,22.4,3,0,0,74,85,0
2921,48.22,restaurant,18,2,16.7,0,1,1,27,96,0
2922,150.63,grocery,17,0,5.2,2,1,0,56,201,0
2923,204.65,online_retail,23,5,10.1,0,0,1,64,112,0
2924,25.05,online_retail,0,1,1.8,1,0,1,54,32,0
2925,56.62,electronics,6,1,9.6,1,0,1,57,80,0
2926,279.66,travel,11,2,4.2,0,0,1,67,45,0
2927,198.22,online_retail,9,2,6.4,1,1,1,37,5,0
2928,503.84,electronics,11,6,2.7,2,0,1,78,234,0
2929,169.41,electronics,10,1,3.9,0,1,1,55,159,0
2930,60.95,gas_station,3,5,1.2,1,1,1,40,153,0
2931,108.18,gas_station,18,1,37.9,1,1,1,28,184,0
2932,130.82,online_retail,5,0,11.3,0,0,1,25,1,0
2933,10.8,electronics,8,4,7.6,0,1,1,46,61,0
2934,95.36,grocery,19,0,11.5,0,1,1,53,67,0
2935,149.26,grocery,9,6,14.8,0,1,1,42,213,0
2936,22.97,gas_station,4,6,38.2,2,1,1,56,220,0
2937,183.04,online_retail,12,1,3.0,1,0,1,51,67,0
2938,106.18,travel,8,4,5.3,5,1,0,64,170,0
2939,1653.66,grocery,1,1,116.6,4,1,1,49,96,1
2940,6.2,grocery,17,0,7.0,2,1,1,79,224,0
2941,38.0,gas_station,20,0,0.3,1,1,1,58,94,0
2942,111.42,gas_station,0,5,2.4,2,1,1,40,59,0
2943,43.21,online_retail,23,5,0.4,0,1,0,38,178,0
2944,151.39,gas_station,20,0,69.0,0,1,1,36,205,0
2945,171.76,restaurant,11,4,4.9,2,1,1,42,34,0
2946,13.98,electronics,9,6,38.6,0,0,1,40,112,0
2947,87.55,grocery,1,5,82.4,2,0,1,36,68,0
2948,86.33,restaurant,8,5,13.7,1,1,1,22,182,0
2949,56.31,travel,1,3,0.5,2,1,0,80,210,0
2950,325.23,restaurant,22,3,1.3,3,0,1,36,224,0
2951,211.89,online_retail,23,5,9.9,0,1,1,52,142,0
2952,144.37,travel,21,1,7.8,1,1,1,29,160,0
2953,151.35,travel,13,4,14.0,1,1,1,56,198,0
2954,75.32,gas_station,10,2,8.7,1,0,1,42,107,0
2955,305.59,restaurant,22,5,40.8,0,1,1,22,81,0
2956,143.33,online_retail,10,3,11.5,0,1,1,29,8,0
2957,157.67,grocery,16,4,17.7,4,1,1,44,163,0
2958,238.39,gas_station,3,4,34.0,1,1,1,21,24,0
2959,39.44,restaurant,12,3,2.4,0,1,1,69,3,0
2960,198.45,grocery,6,4,3.9,0,1,0,36,81,0
2961,27.07,restaurant,15,4,1.7,1,0,1,62,36,0
2962,51.84,gas_station,0,3,2.3,0,1,1,64,179,0
2963,50.07,grocery,12,0,10.8,1,1,1,41,104,0
2964,461.91,gas_station,0,5,5.8,1,1,0,59,81,0
2965,234.0,restaurant,10,1,8.3,0,1,1,45,185,0
2966,145.95,travel,5,2,60.7,0,0,1,50,59,0
2967,156.82,electronics,19,1,2.6,0,1,1,52,94,0
2968,100.08,travel,2,0,11.7,0,1,0,67,217,0
2969,353.7,gas_station,11,6,1.6,2,1,1,33,22,0
2970,83.28,gas_station,4,0,5.8,2,1,1,29,165,0
2971,58.46,gas_station,8,4,11.2,0,0,1,33,203,0
2972,22.36,grocery,11,1,44.0,2,1,1,28,126,0
2973,186.13,online_retail,9,0,7.4,1,1,1,60,12,0
2974,160.11,gas_station,18,1,1.0,1,1,1,45,149,0
2975,59.21,travel,4,0,7.4,2,0,1,40,143,0
2976,4.06,electronics,4,2,2.4,0,1,1,71,12,0
2977,220.16,gas_station,8,0,3.9,0,1,1,63,86,0
2978,2.38,gas_station,19,1,14.4,0,1,1,34,103,0
2979,146.97,gas_station,16,4,1.0,1,0,0,36,56,0
2980,422.82,grocery,9,1,9.4,2,1,1,28,227,0
2981,70.08,gas_station,20,3,14.1,0,1,1,21,106,0
2982,33.14,travel,0,1,8.2,0,1,0,27,144,0
2983,147.44,restaurant,21,2,0.3,0,1,1,76,33,0
2984,204.88,online_retail,15,5,63.5,1,1,1,72,117,0
2985,95.87,gas_station,14,2,6.9,2,1,1,36,171,0
2986,410.48,grocery,22,2,22.6,1,1,1,53,49,0
2987,7.37,travel,16,0,5.9,1,1,1,79,78,0
2988,85.33,gas_station,19,2,9.7,0,1,1,60,18,0
2989,153.1,grocery,12,1,7.4,1,1,1,56,236,0
2990,239.22,restaurant,0,5,6.3,1,1,1,69,144,0
2991,24.71,electronics,7,6,0.3,0,0,1,58,168,0
2992,194.13,gas_station,4,4,6.7,0,1,1,77,195,0
2993,97.54,travel,5,6,33.0,0,1,1,80,107,0
2994,61.61,grocery,22,2,17.6,1,0,1,39,190,0
2995,17.95,grocery,19,1,2.4,2,1,1,19,90,0
2996,241.56,gas_station,13,0,13.4,2,1,1,76,79,0
2997,21.53,grocery,21,0,33.4,2,1,1,50,100,0
2998,45.49,electronics,22,4,18.1,1,1,1,57,155,0
2999,42.11,grocery,10,4,2.4,1,1,1,44,240,0
3000,247.14,online_retail,5,1,30.4,2,1,1,36,118,0
3001,135.03,online_retail,10,4,5.4,3,1,1,72,120,0
3002,192.16,grocery,12,4,9.1,3,0,1,65,127,0
3003,35.6,gas_station,11,0,11.2,0,1,1,63,81,0
3004,118.66,online_retail,21,1,28.5,0,0,1,21,142,0
3005,102.76,travel,1,5,40.2,2,0,1,36,194,0
3006,215.65,online_retail,20,4,39.8,1,1,1,79,155,0
3007,284.85,grocery,2,1,0.1,2,0,1,42,54,0
3008,2.47,gas_station,22,2,38.2,2,1,1,80,239,0
3009,135.51,restaurant,3,0,0.8,1,1,0,71,88,0
3010,7.39,gas_station,16,5,4.6,1,0,0,71,188,0
3011,96.52,gas_station,21,0,10.9,1,1,1,23,168,0
3012,41.7,gas_station,5,0,9.8,2,1,1,64,173,0
3013,44.97,travel,6,3,13.9,1,1,1,30,99,0
3014,53.24,electronics,14,1,9.8,1,1,1,79,68,0
3015,117.52,grocery,10,2,40.9,0,1,1,68,218,0
3016,49.78,electronics,23,4,4.1,3,1,1,39,228,0
3017,159.33,restaurant,2,2,4.8,6,1,1,21,196,0
3018,63.21,electronics,5,1,38.0,1,1,1,19,191,0
3019,9.5,grocery,1,0,1.2,1,1,1,20,226,0
3020,184.76,grocery,13,3,14.1,1,1,1,63,205,0
3021,41.38,restaurant,8,1,17.2,1,1,1,47,168,0
3022,69.04,grocery,17,5,10.6,2,1,1,21,41,0
3023,139.79,restaurant,18,5,17.8,0,1,1,65,189,0
3024,49.5,restaurant,11,1,2.8,1,0,1,60,193,0
3025,7.99,grocery,12,4,28.7,3,1,1,46,1,0
3026,57.19,online_retail,11,2,2.3,2,1,1,62,9,0
3027,347.85,restaurant,11,2,7.7,1,0,1,50,75,0
3028,124.18,grocery,17,4,1.2,2,1,1,30,80,0
3029,134.58,online_retail,8,3,11.8,2,1,1,64,93,0
3030,121.05,restaurant,16,0,16.6,0,1,1,56,228,0
3031,27.63,online_retail,20,6,42.5,1,1,1,49,143,0
3032,66.02,travel,15,6,20.2,1,1,1,45,59,0
3033,167.81,gas_station,16,0,11.7,0,0,1,54,231,0
3034,13.83,travel,20,5,40.5,1,1,1,45,194,0
3035,132.42,online_retail,23,3,25.2,1,1,1,44,10,1
3036,39.81,restaurant,7,4,12.4,3,0,1,42,177,0
3037,68.88,grocery,10,6,13.6,2,1,0,47,139,0
3038,472.68,electronics,23,1,7.9,1,1,1,23,30,0
3039,9.39,grocery,1,2,27.3,1,1,1,47,23,0
3040,88.75,electronics,7,1,3.1,1,1,1,73,22,0
3041,24.72,electronics,11,2,12.1,2,0,1,26,179,0
3042,424.52,restaurant,20,1,19.2,2,1,1,23,42,0
3043,15.43,online_retail,0,4,35.1,2,0,1,46,228,0
3044,63.02,grocery,22,4,32.3,2,1,1,40,29,0
3045,161.68,online_retail,12,3,10.7,1,0,1,23,173,0
3046,147.31,travel,21,1,15.5,0,1,1,39,224,0
3047,66.93,restaurant,20,1,7.5,0,0,1,19,161,0
3048,52.05,restaurant,16,3,9.5,0,1,1,48,167,0
3049,61.82,travel,13,3,35.5,0,0,1,70,201,0
3050,37.83,grocery,13,4,40.0,1,1,1,23,65,0
3051,28.58,gas_station,15,4,33.9,1,1,1,59,210,0
3052,80.17,travel,16,5,2.2,2,1,1,22,178,0
3053,38.52,grocery,5,1,28.5,3,1,1,37,112,0
3054,92.07,electronics,6,4,155.9,2,1,1,29,86,1
3055,129.32,restaurant,0,6,6.7,1,1,1,55,48,0
3056,416.07,grocery,14,4,11.0,0,1,1,55,37,0
3057,112.05,online_retail,19,1,22.7,2,0,1,25,206,0
3058,10.61,online_retail,20,3,12.4,1,1,1,73,86,0
3059,10.43,restaurant,17,1,75.5,0,1,1,75,161,0
3060,363.95,travel,12,6,9.1,1,1,0,66,134,0
3061,43.34,gas_station,23,0,18.8,0,1,1,67,91,0
3062,12.59,travel,1,1,23.6,0,0,1,60,70,0
3063,110.67,grocery,18,0,10.2,3,1,1,50,55,0
3064,118.27,travel,14,1,29.2,2,1,1,75,172,0
3065,126.47,restaurant,11,6,11.8,2,1,1,56,50,0
3066,38.34,grocery,14,0,8.0,0,1,1,57,54,0
3067,2.83,electronics,17,0,1.7,0,1,1,48,191,0
3068,403.34,travel,13,6,7.5,0,1,1,20,105,0
3069,35.66,travel,5,1,19.9,2,1,1,36,16,0
3070,136.25,gas_station,11,5,38.1,2,1,1,65,128,0
3071,148.16,grocery,19,4,4.3,2,1,1,72,47,0
3072,114.0,online_retail,22,2,6.6,0,1,1,25,185,0
3073,46.03,travel,5,4,2.5,0,1,0,47,130,0
3074,38.95,restaurant,8,0,17.6,1,0,1,48,165,0
3075,110.26,travel,3,1,48.4,1,0,1,46,93,0
3076,242.28,gas_station,16,1,15.4,1,0,1,23,23,0
3077,352.89,electronics,1,1,14.4,1,0,1,73,213,0
3078,14.43,gas_station,15,1,12.1,1,1,0,19,141,0
3079,21.19,travel,23,5,1.4,1,1,1,40,115,0
3080,348.48,online_retail,13,2,19.6,0,1,1,61,65,0
3081,161.06,travel,7,3,13.8,1,1,1,80,221,0
3082,258.46,grocery,13,0,16.2,0,0,1,47,48,0
3083,28.17,travel,1,2,34.4,0,1,1,70,7,0
3084,107.29,online_retail,15,4,23.0,2,1,1,55,159,0
3085,145.93,grocery,3,3,22.8,1,1,1,63,191,0
3086,137.77,restaurant,0,3,39.3,0,1,1,56,173,0
3087,63.94,grocery,22,1,69.0,2,1,1,26,56,0
3088,2.86,gas_station,19,2,13.1,0,1,1,24,192,0
3089,105.94,electronics,13,4,1.7,0,0,1,80,22,0
3090,36.02,gas_station,7,1,9.2,1,1,1,64,63,0
3091,72.8,grocery,2,1,23.2,1,1,1,61,80,0
3092,380.22,restaurant,4,6,0.4,3,1,1,76,28,0
3093,62.11,travel,5,6,0.9,1,1,1,66,172,0
3094,220.76,grocery,21,6,1.0,1,1,1,32,103,0
3095,26.07,gas_station,7,5,19.7,2,1,1,32,217,0
3096,134.94,grocery,5,0,10.4,1,1,1,38,142,0
3097,453.71,grocery,5,3,6.9,1,1,1,79,85,0
3098,13.9,grocery,3,4,1.7,3,1,1,76,147,0
3099,2.0,restaurant,6,3,19.8,2,1,1,31,188,0
3100,69.21,online_retail,23,2,5.8,1,0,1,28,77,0
3101,12.66,online_retail,18,0,4.6,1,1,1,28,2,0
3102,166.58,grocery,6,1,15.8,0,1,1,37,51,0
3103,296.18,restaurant,2,0,12.3,2,0,1,30,228,0
3104,69.3,restaurant,7,1,6.8,0,1,1,62,78,0
3105,103.03,grocery,0,6,85.3,0,1,1,47,162,1
3106,69.38,gas_station,0,0,4.7,0,1,0,57,82,0
3107,155.24,gas_station,13,1,23.8,2,0,1,56,216,0
3108,2.09,electronics,5,3,3.9,2,0,1,37,222,0
3109,107.83,grocery,9,6,2.6,1,1,1,62,51,0
3110,115.01,electronics,13,6,22.9,0,1,1,60,147,0
3111,122.83,gas_station,3,6,18.5,0,1,1,68,164,0
3112,34.25,gas_station,5,3,3.0,0,0,1,55,213,0
3113,151.23,grocery,15,3,1.9,3,1,1,25,211,0
3114,12.5,electronics,20,3,27.3,3,0,1,68,118,0
3115,27.67,electronics,0,6,22.5,1,1,1,54,154,0
3116,252.93,grocery,5,0,5.9,3,1,1,59,163,0
3117,162.06,electronics,8,1,16.1,0,1,1,50,63,0
3118,2.66,travel,14,3,2.0,2,0,1,43,104,0
3119,35.26,gas_station,11,0,10.6,1,1,1,61,132,0
3120,29.96,online_retail,2,1,0.3,2,1,1,75,85,0
3121,38.9,restaurant,10,6,7.5,1,1,1,73,3,0
3122,35.13,electronics,14,0,1.2,1,1,1,56,5,0
3123,8.75,electronics,2,6,9.7,0,0,1,25,235,0
3124,74.71,restaurant,13,5,8.2,2,1,1,79,157,0
3125,159.34,electronics,1,3,8.8,0,1,1,35,119,0
3126,527.56,restaurant,3,2,3.5,0,1,0,56,19,1
3127,135.09,grocery,18,0,6.7,1,1,1,31,115,0
3128,11.16,travel,11,3,21.2,2,0,0,69,145,0
3129,364.12,travel,1,4,6.9,2,1,1,35,34,0
3130,219.78,gas_station,16,1,18.8,0,0,1,74,20,0
3131,197.23,online_retail,2,5,6.9,2,1,1,38,156,0
3132,208.78,electronics,9,3,8.3,3,1,1,40,73,0
3133,324.85,online_retail,15,4,12.4,0,1,1,21,195,0
3134,95.3,grocery,21,0,45.1,1,0,1,27,138,0
3135,27.82,travel,8,0,1.7,2,1,1,60,149,0
3136,116.1,grocery,10,4,0.5,2,1,1,28,233,0
3137,163.99,grocery,20,5,14.0,0,0,1,37,116,0
3138,161.69,electronics,14,4,44.7,3,0,1,36,4,0
3139,89.44,grocery,2,1,68.7,0,1,1,18,22,0
3140,9.51,travel,15,0,9.9,2,1,1,48,71,0
3141,56.66,online_retail,20,4,9.5,1,1,1,19,190,0
3142,305.24,travel,20,2,15.5,2,1,1,58,12,0
3143,106.38,electronics,20,2,12.2,1,1,1,66,139,0
3144,93.75,travel,11,4,15.1,1,0,1,22,150,0
3145,38.58,restaurant,22,1,31.1,0,1,1,51,157,0
3146,56.15,online_retail,4,0,20.6,1,1,1,21,189,0
3147,271.85,restaurant,6,2,10.3,1,0,1,44,61,0
3148,132.76,restaurant,8,4,9.3,4,1,1,56,27,0
3149,186.79,gas_station,20,6,15.3,0,1,1,70,175,0
3150,73.69,electronics,17,4,9.1,2,0,1,66,84,0
3151,120.39,grocery,20,3,9.2,0,0,1,20,142,0
3152,35.26,restaurant,7,4,0.2,3,1,1,43,7,0
3153,147.68,travel,11,1,2.9,1,1,1,58,143,0
3154,67.95,grocery,19,2,10.1,2,1,1,18,174,0
3155,71.12,travel,1,3,25.9,1,1,0,75,156,0
3156,126.75,travel,9,2,4.9,2,1,0,69,171,0
3157,331.39,grocery,18,2,11.1,1,1,1,70,10,0
3158,8.94,grocery,8,1,6.3,2,0,1,33,179,0
3159,771.17,travel,23,4,7.0,1,0,1,75,3,1
3160,201.54,electronics,7,1,177.5,3,0,1,52,204,1
3161,71.42,online_retail,23,4,28.9,2,1,1,36,205,0
3162,3.66,gas_station,23,3,1.2,0,1,1,33,103,0
3163,43.98,online_retail,23,1,19.1,1,0,1,50,44,0
3164,84.81,electronics,0,1,6.4,2,0,1,48,54,0
3165,7.94,gas_station,5,6,79.0,1,0,1,39,162,0
3166,82.06,grocery,11,5,5.4,1,0,1,78,193,0
3167,315.26,gas_station,23,0,4.1,3,0,1,61,230,0
3168,14.36,travel,18,1,12.6,1,1,1,37,89,0
3169,174.5,online_retail,16,5,27.0,1,1,1,73,211,0
3170,64.25,gas_station,1,0,3.2,2,1,1,23,25,0
3171,128.77,travel,10,6,18.5,1,1,1,52,191,0
3172,37.17,electronics,17,4,1.0,1,1,1,77,70,0
3173,21.85,gas_station,22,4,37.7,2,0,1,56,45,0
3174,21.99,travel,21,4,1.3,0,1,1,20,68,0
3175,9.77,electronics,10,5,36.8,0,0,1,49,26,0
3176,25.64,grocery,17,5,10.1,0,1,1,30,26,0
3177,131.96,electronics,7,0,8.9,1,1,1,65,154,0
3178,257.13,electronics,14,4,54.4,3,0,1,31,206,0
3179,202.92,online_retail,8,2,69.7,1,1,1,58,190,0
3180,628.98,travel,14,1,60.4,2,1,1,25,224,1
3181,15.04,gas_station,6,5,2.0,0,1,1,64,112,0
3182,41.96,online_retail,19,5,10.6,1,0,0,36,92,0
3183,45.49,restaurant,12,5,11.3,3,0,1,62,189,0
3184,35.51,electronics,12,0,10.8,3,0,1,31,130,0
3185,87.83,restaurant,0,4,12.6,1,0,1,28,41,0
3186,93.03,online_retail,19,2,0.3,0,0,1,67,173,0
3187,53.97,travel,3,1,18.6,2,1,0,52,213,0
3188,53.4,online_retail,23,1,18.7,1,1,1,78,238,0
3189,212.62,travel,3,4,1.8,0,1,1,53,14,0
3190,187.87,travel,3,2,12.7,2,1,1,20,165,0
3191,45.14,grocery,12,0,12.6,3,0,1,42,130,0
3192,295.11,electronics,1,5,17.2,1,1,1,30,5,0
3193,367.44,online_retail,22,5,1.3,1,1,1,33,102,0
3194,48.48,travel,14,6,14.8,2,1,1,45,130,0
3195,53.51,online_retail,3,4,4.9,0,1,1,62,129,0
3196,85.54,online_retail,5,1,10.6,0,1,1,44,176,0
3197,340.87,travel,2,5,22.3,0,1,1,27,22,0
3198,251.81,gas_station,6,6,18.3,4,0,1,35,41,0
3199,13.99,restaurant,5,1,1.9,0,1,1,25,153,0
3200,60.85,electronics,2,1,13.4,1,0,1,24,46,0
3201,97.72,electronics,3,4,52.2,1,1,1,66,94,0
3202,84.93,gas_station,9,3,2.6,2,1,1,39,9,0
3203,26.86,grocery,20,6,28.8,0,1,1,55,189,0
3204,235.92,gas_station,8,3,18.2,2,1,1,64,101,0
3205,136.59,grocery,5,3,22.3,2,1,1,26,47,0
3206,219.35,grocery,19,6,5.0,0,1,1,77,74,0
3207,235.88,gas_station,10,2,5.1,2,1,0,59,207,0
3208,166.57,electronics,6,4,35.5,3,0,1,76,3,0
3209,70.41,restaurant,17,6,6.7,1,1,1,57,8,0
3210,114.16,electronics,3,1,1.0,2,1,1,56,153,0
3211,21.97,electronics,4,6,13.8,2,1,1,46,36,0
3212,135.37,electronics,3,5,2.0,1,1,1,72,43,0
3213,24.7,gas_station,3,6,23.9,0,1,1,54,238,0
3214,143.08,gas_station,12,2,15.4,0,0,1,67,178,0
3215,32.3,gas_station,15,3,31.2,3,1,0,65,63,0
3216,16.01,electronics,13,0,23.0,1,0,1,64,213,0
3217,22.68,restaurant,10,2,1.8,1,1,1,59,162,0
3218,1.24,grocery,1,2,7.2,0,1,1,46,219,0
3219,153.22,online_retail,21,4,22.3,1,0,1,45,201,0
3220,159.19,grocery,13,5,8.1,4,1,1,38,138,0
3221,87.82,grocery,23,2,53.8,2,0,1,50,27,0
3222,22.12,online_retail,23,6,20.0,0,1,0,80,89,0
3223,11.47,electronics,6,5,0.2,1,1,1,76,13,0
3224,3.32,restaurant,10,4,31.8,0,1,1,80,51,0
3225,22.75,restaurant,3,6,1.6,0,0,1,43,68,0
3226,266.81,grocery,6,0,2.3,0,1,0,55,124,0
3227,34.18,online_retail,15,1,19.9,0,1,1,32,144,0
3228,53.49,travel,5,1,30.0,0,0,1,19,140,0
3229,14.36,electronics,5,3,11.5,1,1,1,29,25,0
3230,31.18,grocery,1,3,5.1,0,1,1,50,240,0
3231,88.88,restaurant,23,0,6.5,1,0,1,32,177,0
3232,113.3,gas_station,7,1,6.3,0,1,1,62,144,0
3233,34.78,gas_station,6,3,5.9,1,1,1,18,103,0
3234,8.14,online_retail,23,5,4.2,1,0,1,50,2,0
3235,60.52,online_retail,13,2,14.1,3,1,1,21,73,0
3236,33.02,grocery,8,4,34.6,1,1,1,45,123,0
3237,30.75,travel,14,6,5.5,1,1,1,79,236,0
3238,386.85,restaurant,21,3,3.1,1,0,1,70,127,0
3239,115.95,grocery,17,0,27.4,3,1,1,31,77,0
3240,98.67,travel,11,6,20.3,0,1,1,70,78,0
3241,65.5,online_retail,22,1,40.1,2,1,1,76,76,0
3242,68.23,gas_station,18,0,2.7,3,1,1,66,163,0
3243,94.42,electronics,12,4,2.3,1,1,1,62,150,0
3244,144.06,gas_station,6,4,11.7,4,1,1,29,213,0
3245,146.34,restaurant,9,0,14.3,1,1,1,76,48,0
3246,23.6,restaurant,9,3,9.8,1,1,1,23,114,0
3247,84.2,gas_station,1,3,13.7,2,1,1,68,64,0
3248,64.71,gas_station,13,1,3.0,3,1,1,37,195,0
3249,246.31,travel,12,5,9.8,0,1,1,65,150,0
3250,120.77,grocery,21,1,16.1,1,1,1,38,73,0
3251,92.24,online_retail,5,2,8.5,1,1,1,33,47,0
3252,15.71,travel,8,5,17.1,1,1,1,29,40,0
3253,112.66,electronics,12,6,9.0,3,1,1,78,106,0
3254,15.96,gas_station,8,2,6.1,1,1,1,69,181,0
3255,50.36,electronics,12,1,5.4,2,0,1,37,118,0
3256,19.5,electronics,4,5,7.9,0,1,0,75,3,0
3257,142.35,travel,13,5,0.4,0,1,1,62,95,0
3258,28.72,online_retail,4,2,16.6,1,0,1,50,101,0
3259,60.68,restaurant,8,0,28.0,1,1,1,67,134,0
3260,272.23,grocery,7,3,6.6,3,0,1,19,142,0
3261,28.43,restaurant,6,5,0.7,2,0,1,51,83,0
3262,86.07,online_retail,7,6,64.9,1,1,0,43,186,0
3263,66.22,restaurant,21,6,4.6,2,0,1,50,82,0
3264,3.19,gas_station,2,5,2.0,0,1,1,59,121,0
3265,189.86,gas_station,22,2,6.9,1,1,1,47,135,0
3266,9.59,travel,23,5,20.1,1,1,1,73,228,0
3267,78.15,electronics,14,2,5.2,0,1,1,18,157,0
3268,99.7,online_retail,7,0,12.8,1,1,1,63,3,0
3269,119.8,online_retail,0,6,8.1,1,1,1,25,13,0
3270,141.01,restaurant,6,5,1.9,1,0,1,18,164,0
3271,36.05,travel,18,4,6.0,0,1,1,63,105,0
3272,2.2,restaurant,1,1,19.4,1,1,1,27,89,0
3273,155.24,restaurant,13,6,14.2,1,1,1,49,92,0
3274,93.06,online_retail,17,0,1.9,3,1,1,68,166,0
3275,218.03,restaurant,14,4,2.7,2,1,0,74,75,0
3276,207.7,electronics,13,6,15.4,1,0,1,57,60,0
3277,223.43,restaurant,23,0,25.2,2,1,1,19,233,0
3278,80.65,electronics,18,3,6.4,1,1,1,48,126,0
3279,49.71,online_retail,18,0,13.6,1,1,1,80,73,0
3280,189.17,travel,21,0,2.8,1,1,1,21,22,0
3281,73.02,gas_station,16,3,5.6,0,1,1,73,149,0
3282,25.32,electronics,21,5,0.3,1,1,1,29,123,0
3283,232.7,travel,18,1,21.9,2,1,1,78,211,0
3284,258.02,travel,15,4,7.7,1,1,1,48,33,0
3285,247.59,electronics,19,6,140.7,0,0,1,58,4,1
3286,10.45,online_retail,18,2,18.5,0,0,1,40,225,0
3287,59.89,grocery,0,1,26.5,1,1,1,50,237,0
3288,765.58,travel,18,6,24.5,3,0,1,25,208,1
3289,279.46,travel,6,0,3.1,2,0,1,79,172,0
3290,28.3,online_retail,22,2,53.6,2,1,1,77,129,0
3291,9.32,online_retail,10,3,19.0,0,1,1,66,190,0
3292,252.81,restaurant,4,1,26.9,0,1,1,33,207,0
3293,60.2,online_retail,16,5,0.2,1,1,1,32,150,0
3294,94.64,travel,10,4,6.6,1,1,1,58,224,0
3295,414.29,electronics,23,1,20.4,2,1,1,57,59,0
3296,9.27,grocery,7,1,1.2,0,1,1,69,37,0
3297,126.4,restaurant,9,5,12.6,1,1,1,43,151,0
3298,10.24,electronics,11,2,8.4,1,1,1,31,161,0
3299,57.49,grocery,9,3,0.3,0,1,1,29,113,0
3300,196.44,grocery,12,5,4.0,1,1,1,44,232,0
3301,69.19,grocery,17,6,5.0,1,1,1,64,150,0
3302,705.62,gas_station,9,3,1.8,3,1,1,48,192,0
3303,99.26,electronics,18,5,15.0,0,0,1,21,232,0
3304,47.48,restaurant,19,1,4.2,3,1,1,47,127,0
3305,30.83,restaurant,16,3,4.9,2,1,1,21,190,0
3306,210.81,grocery,19,2,92.2,0,1,1,71,118,1
3307,56.93,electronics,15,2,9.4,2,1,1,48,182,0
3308,9.54,gas_station,4,4,7.5,2,1,1,51,186,0
3309,56.36,grocery,2,3,19.3,2,1,1,21,239,0
3310,75.89,online_retail,14,4,36.1,0,1,1,37,140,0
3311,154.93,restaurant,1,6,0.4,1,1,1,73,112,0
3312,129.31,travel,12,5,8.9,2,1,1,35,146,0
3313,149.04,grocery,21,0,14.2,2,1,1,64,224,0
3314,2.01,online_retail,7,6,5.8,2,0,1,25,195,0
3315,30.46,restaurant,22,2,22.2,1,1,1,77,188,0
3316,131.05,gas_station,16,1,53.4,0,1,1,59,125,0
3317,80.4,electronics,3,2,43.1,0,0,1,76,100,0
3318,1.64,restaurant,18,0,4.6,1,0,1,19,239,0
3319,196.86,electronics,21,1,3.8,0,1,1,74,238,0
3320,178.84,electronics,8,3,47.4,1,1,1,26,1,0
3321,96.4,gas_station,22,3,9.2,0,1,1,33,121,0
3322,9.25,gas_station,14,6,3.5,1,1,1,39,89,0
3323,175.56,grocery,8,2,18.4,1,1,1,75,20,0
3324,106.17,grocery,23,1,5.0,2,0,1,29,17,0
3325,183.77,restaurant,20,5,4.7,3,1,1,22,177,0
3326,168.2,gas_station,8,1,31.7,2,0,1,56,150,0
3327,195.95,online_retail,13,4,2.7,0,1,1,32,114,0
3328,88.58,restaurant,22,0,1.0,3,0,1,62,161,0
3329,19.14,travel,20,6,4.7,0,1,1,25,26,0
3330,134.46,electronics,15,3,14.0,0,1,1,41,27,0
3331,117.26,electronics,23,2,2.0,1,0,1,68,188,0
3332,163.69,grocery,22,1,9.6,1,1,1,36,162,0
3333,23.34,online_retail,16,3,14.8,0,1,1,54,87,0
3334,27.03,gas_station,12,2,28.3,2,1,1,70,80,0
3335,266.32,gas_station,8,3,3.9,1,1,1,35,206,0
3336,167.34,grocery,14,2,25.5,0,1,1,38,180,0
3337,287.61,travel,6,3,4.0,3,1,1,66,55,0
3338,171.61,restaurant,0,5,16.9,1,0,1,76,61,0
3339,110.1,restaurant,0,4,8.4,0,1,0,56,178,0
3340,128.4,online_retail,4,0,1.8,0,1,1,31,233,0
3341,1123.41,grocery,23,3,108.3,1,1,0,32,191,1
3342,104.76,grocery,8,0,3.7,0,0,1,76,192,0
3343,121.09,travel,11,3,2.9,1,1,1,72,14,0
3344,21.42,restaurant,5,6,6.7,0,1,1,66,126,0
3345,78.08,grocery,12,1,15.9,0,1,1,20,109,0
3346,152.22,gas_station,7,4,4.0,0,1,1,73,218,0
3347,38.92,online_retail,14,6,3.0,2,1,1,62,238,0
3348,28.12,restaurant,5,5,0.2,0,1,1,28,122,0
3349,46.2,travel,5,4,9.6,2,1,1,74,51,0
3350,34.17,online_retail,3,0,8.4,1,1,1,20,113,0
3351,30.04,electronics,10,1,4.0,2,0,1,47,155,0
3352,67.38,gas_station,20,2,0.8,1,1,1,23,168,0
3353,287.11,travel,17,6,8.4,0,1,1,23,68,0
3354,85.88,online_retail,2,4,23.3,2,1,0,48,9,0
3355,25.98,grocery,2,5,18.8,1,1,1,39,184,0
3356,10.61,electronics,11,6,29.6,0,1,1,38,219,0
3357,143.95,travel,20,1,0.1,2,1,1,55,235,0
3358,58.91,grocery,20,1,50.9,3,1,1,55,39,0
3359,208.0,gas_station,5,0,6.3,1,1,1,75,143,0
3360,130.28,electronics,20,5,69.7,0,1,1,23,89,0
3361,191.9,restaurant,5,1,4.4,0,1,0,46,18,0
3362,39.09,grocery,7,1,9.6,1,1,1,73,52,0
3363,142.46,online_retail,14,2,6.6,2,1,1,63,189,0
3364,37.79,travel,17,0,6.6,3,0,1,28,222,0
3365,336.76,electronics,19,0,27.7,2,1,1,65,37,0
3366,122.4,grocery,15,5,20.6,1,1,1,39,80,0
3367,48.08,restaurant,5,1,72.7,1,0,1,77,181,0
3368,38.69,travel,20,2,14.3,0,0,1,68,140,0
3369,26.42,travel,16,3,9.3,1,1,1,56,209,0
3370,143.35,grocery,8,4,1.4,1,1,1,23,153,0
3371,30.62,restaurant,18,6,85.1,1,0,1,47,79,0
3372,109.55,gas_station,17,0,12.0,4,0,1,60,25,0
3373,37.89,gas_station,22,2,18.1,1,0,1,42,149,0
3374,131.15,electronics,4,5,7.8,2,1,1,53,122,0
3375,203.45,grocery,5,2,11.9,2,1,1,18,211,0
3376,181.62,electronics,11,1,42.9,2,1,1,39,88,0
3377,172.68,gas_station,10,4,2.7,0,0,1,26,135,0
3378,25.95,travel,15,0,5.2,1,0,1,62,204,0
3379,12.1,electronics,19,3,2.5,2,0,1,25,177,0
3380,145.06,restaurant,16,1,23.6,3,1,1,51,39,0
3381,56.13,online_retail,19,0,1.0,1,1,1,33,75,0
3382,68.95,gas_station,8,6,1.3,0,1,1,36,97,0
3383,4.8,gas_station,0,5,5.3,1,0,1,25,49,0
3384,111.14,restaurant,2,0,55.0,0,1,1,29,217,1
3385,5.11,electronics,20,2,7.8,0,0,1,60,231,0
3386,254.62,grocery,22,6,0.7,1,1,1,58,162,0
3387,34.47,travel,8,4,47.4,0,1,1,73,203,0
3388,98.79,online_retail,21,3,45.8,2,0,1,48,144,0
3389,5.77,grocery,18,4,4.9,1,1,1,59,96,0
3390,132.9,grocery,12,2,19.7,2,1,1,50,143,0
3391,47.81,restaurant,22,3,13.0,1,0,1,36,40,0
3392,274.84,electronics,13,3,4.1,1,1,1,78,207,0
3393,263.84,gas_station,19,1,4.6,1,0,1,44,7,0
3394,48.22,gas_station,18,3,10.1,0,1,1,41,101,0
3395,278.47,restaurant,22,0,8.2,1,0,1,66,40,0
3396,668.4,electronics,6,4,5.2,1,1,1,45,194,0
3397,210.44,restaurant,3,5,24.7,1,1,1,72,70,0
3398,224.62,gas_station,11,5,9.9,1,1,1,21,228,0
3399,35.36,grocery,22,4,16.0,1,1,1,29,103,0
3400,104.16,travel,13,1,3.1,2,1,1,40,230,0
3401,9.35,electronics,1,3,11.4,2,0,1,37,92,0
3402,12.97,online_retail,0,2,5.7,1,0,1,57,22,0
3403,817.69,online_retail,17,6,11.2,1,0,1,45,101,0
3404,48.46,grocery,19,6,22.8,0,1,1,71,187,0
3405,166.49,restaurant,7,0,22.0,1,1,0,75,133,0
3406,198.2,restaurant,2,1,6.6,2,1,1,75,146,0
3407,674.45,gas_station,5,6,38.0,1,0,1,78,11,1
3408,726.3,grocery,21,3,42.5,0,1,1,65,119,0
3409,34.17,gas_station,12,5,14.7,1,1,0,73,8,0
3410,5.94,gas_station,8,2,2.4,0,1,1,77,20,0
3411,64.56,online_retail,8,3,17.1,5,1,1,18,203,0
3412,17.72,gas_station,19,1,1.7,1,0,1,58,59,0
3413,3.72,gas_station,8,2,30.8,1,1,1,28,91,0
3414,54.63,online_retail,14,6,10.9,1,0,1,61,221,0
3415,184.75,restaurant,12,2,7.3,0,1,1,80,153,0
3416,101.22,electronics,21,2,0.9,0,0,1,48,186,0
3417,46.01,travel,15,2,7.2,3,1,1,58,115,0
3418,128.48,gas_station,1,6,35.0,2,1,0,55,19,0
3419,32.68,electronics,13,3,0.3,5,1,1,78,125,0
3420,2.74,online_retail,5,2,9.7,4,1,1,26,130,0
3421,174.45,electronics,1,3,40.1,0,1,1,23,106,0
3422,118.3,travel,7,2,7.5,1,1,1,23,231,0
3423,173.41,electronics,3,2,8.4,0,1,1,78,236,0
3424,5.77,electronics,20,1,13.0,1,1,1,69,186,0
3425,218.77,electronics,23,3,9.3,3,1,1,20,66,0
3426,116.96,electronics,13,5,2.8,2,1,0,49,7,0
3427,100.45,grocery,10,3,0.3,0,0,1,52,51,0
3428,118.58,gas_station,23,4,14.1,3,0,1,33,95,0
3429,240.79,online_retail,13,6,38.0,1,1,1,19,161,0
3430,107.1,travel,11,5,1.7,0,1,1,53,75,0
3431,427.15,online_retail,15,1,14.4,1,1,1,58,232,1
3432,2504.69,grocery,5,3,31.8,3,1,1,24,104,1
3433,170.63,grocery,19,1,24.8,3,0,1,52,238,0
3434,71.07,grocery,0,5,4.7,0,1,1,73,13,0
3435,148.47,gas_station,11,1,32.1,1,1,1,47,138,0
3436,60.16,grocery,6,1,0.8,4,1,1,62,113,0
3437,32.19,electronics,7,0,42.4,1,0,1,63,59,0
3438,110.01,online_retail,8,3,12.3,1,1,1,46,38,0
3439,317.03,restaurant,1,1,16.1,4,0,1,58,20,0
3440,318.65,travel,16,0,6.9,1,0,0,18,213,0
3441,51.21,grocery,19,0,22.8,1,1,1,61,14,0
3442,91.01,online_retail,12,2,2.7,4,1,1,18,216,0
3443,29.54,grocery,4,2,0.8,0,1,1,58,40,0
3444,652.99,gas_station,9,6,7.6,3,1,1,74,135,0
3445,477.34,grocery,11,5,28.8,1,1,1,24,197,0
3446,126.81,grocery,16,3,21.1,1,1,1,20,6,0
3447,638.2,grocery,20,2,24.5,3,1,1,53,168,1
3448,151.67,grocery,5,5,12.7,2,1,0,56,181,0
3449,108.92,travel,2,3,2.1,1,0,1,48,227,0
3450,7.58,online_retail,14,5,27.6,1,0,1,42,9,0
3451,73.78,gas_station,6,6,23.2,2,1,1,64,106,0
3452,135.79,grocery,5,6,16.0,0,1,1,73,65,0
3453,136.81,grocery,3,0,9.4,2,1,1,41,231,0
3454,57.04,grocery,18,0,50.1,2,0,0,18,148,0
3455,342.04,grocery,4,3,31.7,2,0,1,55,134,0
3456,22.98,electronics,2,5,15.5,0,1,1,71,96,0
3457,84.26,electronics,8,5,7.0,2,1,1,48,205,0
3458,141.88,restaurant,5,2,14.4,2,1,1,54,39,0
3459,144.34,grocery,12,2,12.9,2,1,1,28,232,0
3460,374.88,restaurant,21,3,25.6,2,1,0,66,123,1
3461,39.64,travel,19,4,5.5,0,1,1,20,21,0
3462,21.38,restaurant,3,2,7.8,0,0,1,29,37,0
3463,122.25,online_retail,1,1,12.8,1,1,0,37,12,0
3464,110.75,electronics,3,2,8.4,2,0,1,47,198,0
3465,24.72,electronics,7,4,4.6,1,1,1,27,15,0
3466,147.55,grocery,12,5,21.5,0,1,1,56,149,0
3467,73.87,grocery,9,0,11.4,1,0,1,32,85,0
3468,133.23,travel,17,0,1.1,2,0,1,38,92,0
3469,980.15,gas_station,8,5,31.7,0,0,0,35,100,1
3470,23.32,travel,0,0,32.4,0,0,1,49,209,0
3471,3.32,online_retail,12,2,21.1,1,0,1,36,174,0
3472,182.21,grocery,17,6,5.9,1,1,1,78,199,0
3473,113.9,grocery,14,0,41.8,2,0,1,47,215,0
3474,145.33,travel,1,6,1.2,2,0,1,50,109,0
3475,219.53,travel,10,4,48.8,1,1,1,79,86,0
3476,195.83,travel,13,6,4.2,0,1,1,39,138,0
3477,390.06,electronics,21,4,0.1,0,0,0,62,82,0
3478,93.13,restaurant,14,2,8.5,1,0,1,46,66,0
3479,81.45,restaurant,13,5,6.7,0,1,1,41,118,0
3480,62.68,grocery,15,1,11.6,1,0,1,21,204,0
3481,21.02,electronics,22,2,23.9,1,0,1,67,237,0
3482,103.01,travel,14,0,27.7,2,1,1,29,117,0
3483,39.92,grocery,18,2,7.7,0,0,0,53,167,0
3484,306.06,electronics,8,4,8.4,2,1,1,75,22,0
3485,106.02,online_retail,4,2,2.4,0,1,1,21,235,0
3486,108.83,gas_station,4,2,0.7,0,1,1,22,86,0
3487,217.7,electronics,10,1,81.1,2,0,1,36,170,1
3488,7.41,grocery,19,4,1.0,1,1,1,58,214,0
3489,4.87,restaurant,23,3,19.9,1,0,1,56,134,0
3490,67.06,travel,3,3,11.6,1,1,1,74,110,0
3491,11.6,gas_station,19,4,3.3,2,0,1,48,180,0
3492,113.03,online_retail,17,3,11.6,1,0,0,24,165,0
3493,256.41,gas_station,2,0,3.0,1,0,1,29,212,0
3494,258.38,gas_station,3,3,8.7,2,0,1,27,6,0
3495,130.12,electronics,13,0,24.1,4,0,1,46,73,0
3496,29.47,grocery,6,4,9.3,3,1,1,69,157,0
3497,239.53,grocery,7,3,2.4,0,1,0,38,101,0
3498,261.69,gas_station,23,3,19.3,0,1,0,30,197,0
3499,27.28,travel,15,5,3.1,2,0,1,40,179,0
3500,161.47,grocery,19,6,20.1,7,1,1,80,77,0
3501,41.51,gas_station,14,0,9.8,0,1,1,23,27,0
3502,195.73,grocery,6,0,9.1,0,0,1,48,215,0
3503,2145.73,travel,16,2,169.0,0,0,0,26,165,1
3504,4.66,online_retail,21,1,18.5,0,0,1,68,174,0
3505,274.19,gas_station,21,3,0.5,2,1,1,41,98,0
3506,117.94,restaurant,21,5,5.3,2,1,1,33,25,0
3507,436.14,restaurant,11,1,30.7,1,1,1,76,165,0
3508,76.06,gas_station,17,6,0.3,1,1,0,75,151,0
3509,226.58,electronics,23,6,11.8,2,1,1,28,220,0
3510,8.73,online_retail,13,5,19.5,1,1,1,53,154,0
3511,50.01,electronics,14,1,14.6,3,1,1,74,76,0
3512,9.32,restaurant,14,3,21.4,0,1,1,18,120,0
3513,445.32,travel,4,6,19.4,1,1,1,38,180,0
3514,204.78,gas_station,15,5,17.7,2,1,1,61,231,0
3515,230.71,grocery,4,0,25.9,0,0,1,53,3,0
3516,1200.91,restaurant,1,2,38.8,2,0,0,54,73,1
3517,11.67,online_retail,19,5,7.7,1,0,1,23,111,0
3518,59.45,restaurant,8,4,9.6,0,1,1,31,79,0
3519,9.84,online_retail,21,6,18.9,0,0,0,46,72,0
3520,29.41,online_retail,8,6,31.3,1,0,1,18,156,0
3521,32.26,gas_station,3,3,4.8,2,1,1,25,218,0
3522,76.98,online_retail,14,3,6.3,0,1,1,64,208,0
3523,38.53,electronics,10,4,40.0,2,1,1,61,34,0
3524,13.77,travel,0,6,13.0,0,0,0,76,84,0
3525,23.0,restaurant,17,1,3.0,1,1,1,36,65,0
3526,20.12,travel,0,2,16.3,0,0,1,40,216,0
3527,2122.8,grocery,7,1,318.4,0,1,1,56,29,1
3528,171.9,restaurant,15,4,26.0,0,0,1,58,4,0
3529,413.15,travel,21,4,20.5,4,0,1,28,196,0
3530,70.52,travel,17,2,3.5,1,0,1,44,119,0
3531,40.15,gas_station,21,4,31.3,1,1,1,72,190,0
3532,193.11,gas_station,8,4,11.2,1,1,1,77,166,0
3533,48.39,grocery,11,6,33.0,0,0,1,57,195,0
3534,185.71,online_retail,18,5,33.4,0,0,1,53,232,1
3535,32.75,restaurant,17,6,1.0,2,1,1,59,130,0
3536,17.67,gas_station,4,2,9.7,2,0,1,37,221,0
3537,36.56,restaurant,1,3,4.7,0,1,1,59,113,0
3538,53.68,grocery,6,1,18.8,1,1,1,25,92,0
3539,135.5,gas_station,9,3,47.2,2,1,1,63,76,0
3540,8.75,gas_station,14,3,17.6,0,0,1,53,125,0
3541,29.36,online_retail,6,5,32.7,3,1,1,78,44,0
3542,199.67,restaurant,4,1,9.1,1,0,0,69,207,0
3543,20.07,restaurant,14,3,22.2,0,1,1,43,114,0
3544,51.34,restaurant,19,2,27.8,2,0,1,52,105,0
3545,240.99,online_retail,19,1,18.6,2,0,1,77,95,0
3546,21.2,gas_station,14,0,10.6,0,1,1,20,117,0
3547,11.36,grocery,9,5,14.7,2,1,1,76,101,0
3548,80.52,restaurant,23,3,18.1,0,1,1,21,32,0
3549,44.22,travel,13,4,4.4,0,0,1,61,214,0
3550,100.45,online_retail,9,1,24.9,1,1,1,46,131,0
3551,196.44,electronics,16,0,45.0,0,1,1,79,17,0
3552,18.7,grocery,20,4,9.4,2,1,1,67,221,0
3553,105.3,travel,13,0,18.1,0,1,1,45,119,0
3554,85.51,restaurant,1,3,20.0,2,1,1,36,140,0
3555,19.67,electronics,15,4,16.3,1,0,1,60,64,0
3556,118.38,grocery,12,3,11.9,1,1,1,45,191,0
3557,39.37,online_retail,8,4,32.0,1,1,1,35,78,0
3558,81.29,electronics,6,1,8.9,0,0,1,31,200,0
3559,11.3,gas_station,15,6,0.9,3,1,1,60,41,0
3560,74.85,electronics,9,2,27.9,0,1,1,31,2,0
3561,44.91,travel,23,6,16.8,1,0,1,71,181,0
3562,208.37,grocery,21,2,28.4,1,1,1,46,34,0
3563,8.04,travel,8,6,2.2,1,1,1,20,125,0
3564,176.1,travel,21,0,2.4,4,1,0,51,88,1
3565,74.59,restaurant,22,5,40.9,3,1,1,26,112,0
3566,155.92,online_retail,6,4,2.4,1,1,1,57,212,0
3567,103.48,electronics,15,3,24.9,0,0,1,22,235,0
3568,133.03,grocery,8,5,26.0,0,1,1,46,202,0
3569,181.1,gas_station,23,1,18.5,0,0,1,58,40,0
3570,238.84,online_retail,16,1,2.1,1,1,1,22,199,0
3571,46.2,online_retail,19,1,16.5,1,0,0,70,193,0
3572,93.67,grocery,6,2,33.0,2,0,1,62,55,0
3573,220.99,online_retail,10,3,8.3,2,0,1,60,126,0
3574,547.21,restaurant,7,1,8.0,0,1,1,60,74,0
3575,265.35,online_retail,6,1,8.8,1,1,1,69,179,0
3576,56.72,restaurant,18,6,1.3,1,1,1,61,5,0
3577,27.05,electronics,19,0,33.4,0,0,1,68,56,0
3578,81.66,electronics,11,4,30.5,2,0,1,30,118,0
3579,163.41,travel,6,4,92.6,2,1,1,43,232,0
3580,82.41,restaurant,7,4,13.2,1,0,1,26,149,0
3581,80.21,gas_station,6,5,20.9,1,0,1,21,58,0
3582,219.59,electronics,5,6,3.4,0,1,1,56,201,0
3583,54.82,online_retail,8,6,16.5,2,1,1,48,93,0
3584,236.76,grocery,12,0,15.7,0,0,0,22,31,0
3585,63.67,grocery,6,2,34.7,1,1,1,24,237,0
3586,48.74,restaurant,7,5,26.6,2,0,1,45,174,0
3587,73.61,gas_station,21,0,41.8,2,0,1,57,155,0
3588,173.48,travel,16,1,30.5,2,1,1,31,198,0
3589,17.16,online_retail,16,3,30.5,0,1,1,41,107,0
3590,27.24,restaurant,15,5,1.0,0,1,1,59,159,0
3591,1050.2,grocery,21,5,127.3,2,0,1,55,169,1
3592,24.16,restaurant,1,1,14.0,3,1,1,22,45,0
3593,101.64,online_retail,7,1,7.2,1,1,1,64,164,0
3594,104.9,gas_station,16,3,0.9,0,0,1,65,2,0
3595,81.71,gas_station,12,4,17.0,1,1,1,76,62,0
3596,125.19,electronics,17,5,6.0,0,1,1,51,149,0
3597,32.34,online_retail,23,0,9.5,2,1,1,45,162,0
3598,97.53,electronics,21,2,17.2,1,1,1,64,86,0
3599,56.86,electronics,9,1,36.4,1,1,1,25,13,0
3600,131.05,electronics,1,1,26.2,1,1,1,38,19,0
3601,19.27,restaurant,1,2,9.0,1,0,1,41,161,0
3602,102.52,grocery,13,0,7.4,1,1,1,71,124,0
3603,25.59,gas_station,15,1,4.1,1,1,1,41,102,0
3604,40.19,restaurant,6,2,7.0,1,1,1,30,104,0
3605,30.62,grocery,20,6,1.8,3,1,1,66,49,0
3606,25.23,gas_station,20,1,53.2,1,1,1,32,3,0
3607,210.64,online_retail,23,4,12.8,2,1,1,74,166,0
3608,41.38,gas_station,11,4,2.1,1,0,1,63,211,0
3609,315.28,gas_station,22,1,6.5,2,1,1,42,71,0
3610,421.49,gas_station,13,6,11.9,2,1,1,68,15,0
3611,102.63,travel,3,1,11.4,1,1,1,62,38,0
3612,19.52,online_retail,3,4,0.5,0,1,1,70,153,0
3613,57.31,restaurant,17,6,45.2,1,1,1,45,61,0
3614,192.78,restaurant,2,1,4.8,2,1,1,56,214,0
3615,55.95,grocery,0,6,0.2,1,1,1,25,215,0
3616,11.92,restaurant,16,0,1.2,1,1,1,48,178,0
3617,98.64,electronics,6,0,13.0,1,1,1,24,10,0
3618,224.81,gas_station,15,3,2.2,2,1,1,68,100,0
3619,191.71,restaurant,4,0,0.6,1,1,1,80,101,0
3620,24.1,grocery,18,5,7.2,0,1,0,64,178,0
3621,135.05,grocery,6,6,14.6,2,0,1,56,123,0
3622,30.89,electronics,13,5,1.8,0,0,1,34,234,0
3623,30.54,grocery,1,5,5.6,2,0,1,70,42,0
3624,249.65,travel,2,1,8.1,2,1,1,74,234,0
3625,35.47,gas_station,16,1,2.6,0,1,1,67,199,0
3626,37.66,gas_station,15,2,10.6,2,1,1,68,180,0
3627,1.08,gas_station,7,6,1.3,2,0,1,74,174,0
3628,246.45,online_retail,17,5,0.7,0,1,1,52,217,0
3629,189.77,restaurant,14,5,11.0,2,1,1,73,40,0
3630,119.45,travel,6,0,4.3,1,1,1,39,186,0
3631,167.48,restaurant,8,4,1.5,6,1,1,24,233,0
3632,20.79,travel,5,6,8.3,1,1,1,70,24,0
3633,74.57,restaurant,17,4,37.0,2,1,1,27,69,0
3634,52.92,electronics,17,6,19.3,3,1,1,45,85,0
3635,12.82,grocery,23,6,25.4,0,0,1,56,168,0
3636,80.89,grocery,13,3,30.8,0,0,1,75,148,0
3637,853.24,electronics,13,2,154.3,2,1,0,60,29,1
3638,5.91,travel,13,4,21.6,2,1,1,75,37,0
3639,42.35,online_retail,3,3,14.1,3,1,1,46,20,0
3640,28.91,travel,3,0,6.8,1,1,1,52,146,0
3641,33.64,grocery,14,2,3.0,0,1,1,80,4,0
3642,287.88,online_retail,14,2,17.4,0,1,1,76,139,0
3643,348.83,restaurant,17,5,417.2,1,0,1,70,192,1
3644,76.35,online_retail,13,6,9.4,0,1,1,39,86,0
3645,172.54,travel,0,6,19.3,2,1,1,26,52,0
3646,21.14,electronics,9,1,10.3,0,1,1,53,43,0
3647,81.16,restaurant,19,6,8.5,1,1,1,25,142,0
3648,68.45,travel,9,6,7.9,1,0,0,47,122,0
3649,110.03,restaurant,9,6,10.5,0,1,1,80,173,0
3650,927.82,online_retail,23,5,6.9,0,1,1,47,156,0
3651,177.07,grocery,1,0,20.7,0,1,1,73,132,0
3652,61.87,travel,7,6,31.1,0,1,1,75,144,0
3653,211.92,electronics,0,5,32.2,2,1,1,80,166,0
3654,23.46,online_retail,0,2,3.9,1,1,0,48,191,0
3655,4.71,travel,3,5,33.9,0,1,1,39,151,0
3656,28.45,electronics,6,6,6.3,2,1,1,61,77,0
3657,50.94,travel,8,3,5.6,1,0,1,48,148,0
3658,86.74,online_retail,15,5,19.5,0,1,1,57,197,0
3659,115.58,travel,4,4,5.5,0,1,1,64,83,0
3660,290.76,restaurant,1,0,0.8,0,0,1,45,149,0
3661,86.57,online_retail,22,0,7.0,1,1,1,63,170,0
3662,84.48,travel,10,2,19.2,2,0,0,22,69,0
3663,7.19,grocery,17,5,5.9,0,1,0,34,14,0
3664,5.26,travel,18,2,14.9,2,0,1,69,228,0
3665,97.13,restaurant,12,2,16.2,0,1,1,28,70,0
3666,70.19,electronics,23,3,19.8,1,0,1,39,5,0
3667,220.3,electronics,10,1,34.1,2,1,1,64,152,0
3668,22.02,electronics,19,2,8.5,1,1,1,42,221,0
3669,4.03,grocery,18,1,2.7,0,1,1,30,157,0
3670,72.53,restaurant,16,1,5.8,0,0,1,79,2,0
3671,33.53,online_retail,4,0,8.5,1,1,1,53,6,0
3672,7.11,electronics,12,4,18.8,0,0,1,71,34,0
3673,155.74,restaurant,19,4,0.2,0,1,1,62,204,0
3674,15.2,travel,0,5,5.7,0,1,0,75,22,0
3675,113.48,grocery,9,3,22.7,3,1,0,62,132,0
3676,40.6,restaurant,7,3,16.7,1,1,1,28,237,0
3677,23.87,restaurant,23,4,19.7,0,0,1,22,113,0
3678,58.32,online_retail,7,5,25.1,1,1,1,74,134,0
3679,195.0,restaurant,18,6,22.9,1,0,1,75,67,0
3680,60.73,online_retail,5,4,17.2,0,1,1,31,77,0
3681,167.73,grocery,11,5,8.7,2,1,1,39,191,0
3682,17.09,grocery,6,5,61.7,0,0,1,20,215,0
3683,178.82,travel,15,5,12.6,1,1,1,67,227,0
3684,33.45,online_retail,8,5,3.4,0,1,1,52,90,0
3685,136.76,online_retail,20,0,5.2,1,1,1,49,116,0
3686,101.1,electronics,21,0,17.7,2,1,1,55,201,0
3687,318.65,electronics,9,4,38.8,1,0,1,75,87,0
3688,234.63,travel,9,5,12.7,2,0,1,57,68,1
3689,9.21,grocery,9,2,1.3,1,0,1,41,162,0
3690,3.32,gas_station,19,5,32.0,2,0,1,45,101,0
3691,211.44,electronics,15,2,37.0,2,1,1,38,200,0
3692,90.27,restaurant,0,0,4.9,2,1,1,66,162,0
3693,180.13,grocery,16,5,7.1,2,0,1,50,57,0
3694,33.06,gas_station,20,1,16.2,1,1,1,45,165,0
3695,51.79,restaurant,13,4,6.0,0,1,1,56,134,0
3696,4.67,online_retail,18,5,31.5,1,0,1,67,71,0
3697,391.83,grocery,20,3,1.7,0,1,1,78,173,0
3698,133.27,travel,20,2,0.6,0,1,1,53,169,0
3699,325.74,online_retail,16,6,3.5,2,0,1,27,103,0
3700,38.03,online_retail,13,6,5.1,0,1,1,54,228,0
3701,551.6,restaurant,7,5,4.4,1,0,1,57,133,1
3702,137.17,online_retail,20,1,1.0,0,1,1,75,60,0
3703,46.85,electronics,20,2,21.1,0,1,1,42,195,0
3704,227.15,grocery,8,1,2.7,0,1,1,62,145,0
3705,353.86,electronics,7,6,36.8,1,0,1,34,211,0
3706,260.39,restaurant,12,4,6.9,0,1,1,74,109,0
3707,162.22,gas_station,16,6,16.7,1,1,1,70,193,0
3708,40.0,restaurant,18,4,3.8,2,1,1,21,101,0
3709,40.69,grocery,6,4,4.1,1,1,1,27,183,0
3710,397.79,online_retail,16,0,12.8,0,1,1,70,9,0
3711,2.24,travel,0,6,12.3,4,1,1,79,132,0
3712,152.07,restaurant,4,6,22.0,0,1,1,42,170,0
3713,148.0,grocery,5,1,21.3,0,1,1,49,174,0
3714,117.96,travel,1,5,16.7,3,1,1,25,74,0
3715,554.93,online_retail,15,3,8.9,0,1,1,59,96,0
3716,45.85,gas_station,21,3,33.2,2,1,1,62,129,0
3717,50.86,restaurant,4,4,14.6,0,1,1,29,87,0
3718,10.87,gas_station,4,3,69.4,1,1,1,38,115,0
3719,71.18,grocery,11,2,25.7,2,0,1,62,145,0
3720,37.3,gas_station,2,1,0.7,1,1,1,44,116,0
3721,51.48,gas_station,15,1,5.8,0,1,1,47,222,0
3722,216.91,grocery,5,1,12.7,2,1,1,27,128,0
3723,329.9,grocery,14,2,19.2,1,0,1,38,91,0
3724,25.66,restaurant,14,5,12.0,0,0,1,18,79,0
3725,56.92,gas_station,15,0,23.1,2,1,1,26,118,0
3726,317.79,travel,19,2,5.0,2,0,1,20,230,0
3727,8.66,grocery,12,1,3.0,0,1,1,66,7,0
3728,12.63,online_retail,11,1,0.8,2,1,1,70,225,0
3729,22.32,gas_station,9,6,12.8,1,1,1,59,133,0
3730,109.53,grocery,13,1,17.5,4,1,1,36,180,0
3731,20.57,travel,1,5,5.9,2,1,1,23,116,0
3732,414.33,restaurant,2,3,14.3,2,1,1,24,103,0
3733,72.03,gas_station,8,0,0.8,0,1,1,60,226,0
3734,84.54,grocery,10,2,1.6,4,0,1,33,53,0
3735,34.99,grocery,10,1,18.1,1,1,0,53,119,0
3736,175.91,online_retail,21,6,39.6,1,1,1,21,3,1
3737,131.13,online_retail,9,6,16.7,0,1,1,35,62,0
3738,167.92,gas_station,13,4,26.7,1,1,1,49,32,0
3739,169.23,grocery,8,0,28.7,1,1,1,49,2,0
3740,104.5,gas_station,19,6,2.8,0,1,1,35,80,0
3741,282.66,grocery,20,4,10.0,0,1,1,56,124,0
3742,205.06,online_retail,9,0,19.9,3,1,1,60,81,0
3743,368.23,travel,21,1,132.8,2,0,1,54,53,1
3744,7.87,electronics,8,0,23.0,0,1,1,70,140,0
3745,1.83,electronics,4,0,3.9,3,1,1,45,124,0
3746,29.66,grocery,7,1,3.2,0,1,1,67,133,0
3747,131.71,online_retail,10,5,13.4,4,0,1,56,4,0
3748,64.56,restaurant,0,6,20.3,0,1,0,19,56,0
3749,62.78,restaurant,20,4,5.8,0,1,1,78,80,0
3750,260.11,electronics,9,5,1.7,0,1,1,77,210,0
3751,272.1,travel,0,4,18.9,0,1,1,54,192,0
3752,288.86,electronics,21,3,5.3,3,1,1,54,45,0
3753,46.2,grocery,6,6,2.7,0,1,0,68,188,0
3754,141.95,travel,13,4,2.4,1,1,1,19,148,0
3755,39.03,restaurant,4,4,5.7,0,1,1,36,53,0
3756,26.38,online_retail,16,0,13.5,2,1,1,76,73,0
3757,25.49,online_retail,21,3,6.7,1,0,0,22,16,0
3758,206.47,grocery,20,1,1.2,1,1,0,61,227,1
3759,68.45,electronics,5,1,1.5,0,0,1,30,93,0
3760,214.31,grocery,15,2,5.1,3,1,1,39,113,0
3761,16.33,online_retail,10,3,16.2,5,1,1,69,30,0
3762,160.33,restaurant,9,0,1.6,1,1,1,24,20,0
3763,91.97,online_retail,14,2,12.3,0,1,0,19,106,0
3764,41.75,travel,6,2,1.9,3,1,1,79,214,0
3765,82.47,gas_station,22,1,3.6,0,0,1,71,87,0
3766,43.79,online_retail,1,4,2.8,1,1,1,31,180,0
3767,109.79,online_retail,11,0,1.0,2,0,1,42,36,0
3768,69.27,gas_station,18,3,16.7,1,1,1,43,22,0
3769,22.55,travel,11,2,9.3,4,1,1,22,129,0
3770,15.87,electronics,15,0,26.7,0,0,1,37,21,0
3771,95.94,online_retail,5,1,1.6,1,1,1,79,176,0
3772,280.24,grocery,2,2,2.3,3,1,1,74,235,0
3773,51.58,online_retail,1,2,5.5,0,1,1,71,211,0
3774,159.46,grocery,19,5,21.8,0,1,1,29,200,0
3775,129.99,travel,4,1,5.5,0,0,1,80,5,0
3776,322.81,online_retail,10,5,7.9,0,1,1,53,120,0
3777,207.43,travel,2,1,5.4,2,1,1,48,168,0
3778,101.33,travel,2,1,1.3,0,0,1,34,221,0
3779,129.41,electronics,21,5,42.1,1,0,1,33,82,0
3780,275.39,online_retail,4,6,11.9,0,1,1,74,221,0
3781,62.2,grocery,21,0,23.3,1,1,1,27,79,0
3782,48.48,grocery,22,0,16.1,2,1,1,52,45,0
3783,2.3,online_retail,10,6,10.8,1,1,1,71,159,0
3784,211.22,gas_station,2,0,1.4,1,1,1,50,143,0
3785,194.72,electronics,12,4,15.4,0,1,1,55,58,0
3786,14.24,electronics,20,2,2.5,0,1,1,52,181,0
3787,291.77,electronics,7,0,40.8,1,1,1,68,45,1
3788,75.83,grocery,19,4,14.9,2,1,0,44,195,0
3789,16.16,travel,9,2,22.9,2,1,1,24,236,0
3790,473.9,gas_station,1,0,17.3,2,1,1,44,236,0
3791,30.0,electronics,3,1,16.7,1,1,1,58,170,0
3792,9.35,grocery,17,6,2.4,0,1,1,71,225,0
3793,109.42,grocery,18,3,6.4,2,1,1,29,152,0
3794,162.13,travel,3,0,0.7,1,1,1,79,38,0
3795,4.96,online_retail,19,3,19.1,1,1,1,63,51,0
3796,130.01,online_retail,8,0,45.7,1,1,1,50,24,0
3797,92.19,electronics,15,1,4.6,1,0,1,74,205,0
3798,14.08,electronics,5,6,1.4,2,0,1,30,91,0
3799,23.73,gas_station,3,6,9.7,2,1,1,70,161,0
3800,101.71,travel,8,3,29.1,1,1,1,19,147,0
3801,43.18,electronics,12,4,12.0,0,0,1,20,25,0
3802,335.29,travel,8,1,0.7,2,0,1,28,70,0
3803,205.94,grocery,5,3,54.9,0,0,0,22,225,0
3804,494.02,electronics,20,3,26.5,2,1,0,77,217,0
3805,37.08,grocery,18,5,2.1,1,0,1,19,215,0
3806,420.69,restaurant,13,5,38.2,1,1,1,63,49,0
3807,68.71,travel,20,1,9.0,1,1,1,45,17,0
3808,52.24,restaurant,14,1,7.0,1,1,1,30,149,0
3809,7.2,electronics,2,1,9.3,1,1,1,63,43,0
3810,7.51,grocery,4,2,27.0,1,1,1,77,212,0
3811,142.32,electronics,20,4,16.2,1,1,1,52,204,0
3812,74.48,restaurant,17,0,0.9,0,0,1,57,205,0
3813,31.82,electronics,13,5,47.4,0,1,1,30,82,0
3814,115.22,gas_station,15,6,2.4,1,0,1,71,150,0
3815,35.98,online_retail,13,6,20.5,1,1,1,29,63,0
3816,104.43,restaurant,8,3,15.2,3,1,1,35,24,0
3817,54.41,electronics,14,5,3.1,2,1,1,35,33,0
3818,209.17,grocery,6,0,2.8,2,1,1,34,195,0
3819,207.24,electronics,13,1,30.6,1,0,1,56,209,0
3820,78.86,grocery,5,6,8.2,1,1,1,39,231,0
3821,52.85,online_retail,20,5,15.9,1,1,1,30,224,0
3822,55.04,electronics,14,4,10.5,0,0,1,62,17,0
3823,197.61,online_retail,19,4,19.5,2,1,1,55,176,0
3824,48.73,restaurant,7,2,9.8,2,1,1,70,44,0
3825,29.14,grocery,1,5,5.1,1,1,1,36,153,0
3826,11.62,gas_station,7,1,6.8,2,1,1,41,200,0
3827,76.44,restaurant,0,3,29.4,1,1,1,36,107,0
3828,79.96,grocery,16,2,9.5,0,1,1,38,99,0
3829,221.59,online_retail,18,1,3.6,0,1,1,41,188,0
3830,31.01,travel,4,2,40.9,1,1,1,47,29,0
3831,58.56,electronics,21,5,23.9,2,0,1,45,12,0
3832,199.29,online_retail,19,0,0.9,1,0,1,65,100,0
3833,209.22,grocery,15,6,102.8,2,1,1,52,127,0
3834,59.26,grocery,6,5,17.8,1,1,1,63,137,0
3835,74.75,grocery,6,1,2.6,3,1,1,70,218,0
3836,44.37,grocery,17,3,4.1,3,1,0,76,86,0
3837,324.57,electronics,17,3,17.7,2,1,1,55,53,0
3838,65.25,restaurant,1,1,98.4,3,0,1,34,61,1
3839,326.72,gas_station,14,2,4.1,1,0,1,65,159,0
3840,139.19,travel,13,4,4.5,4,1,1,51,113,0
3841,92.0,electronics,17,1,5.5,1,1,1,72,48,0
3842,4.98,grocery,8,6,13.7,2,1,1,26,108,0
3843,78.46,electronics,13,5,2.8,1,0,1,30,222,0
3844,63.86,online_retail,4,3,1.7,1,0,1,31,79,0
3845,22.1,gas_station,10,0,17.0,2,1,0,43,47,0
3846,129.2,grocery,7,3,22.7,0,1,1,69,161,0
3847,426.48,travel,4,4,10.4,0,1,1,38,67,0
3848,100.12,grocery,10,3,6.8,0,1,1,61,226,0
3849,151.53,gas_station,4,4,8.5,1,1,1,37,64,0
3850,9.51,travel,16,6,7.4,1,1,1,28,122,0
3851,65.89,gas_station,21,1,48.3,2,1,1,68,145,0
3852,15.84,travel,3,3,21.9,2,1,1,59,44,0
3853,114.86,restaurant,14,2,3.5,1,1,1,67,5,0
3854,335.61,restaurant,18,5,7.3,0,1,1,79,94,0
3855,131.09,electronics,21,2,11.8,1,1,1,52,190,0
3856,10.59,electronics,1,5,14.2,1,1,1,65,235,0
3857,53.56,travel,23,3,9.5,0,0,1,48,191,0
3858,97.0,grocery,16,6,24.9,2,1,0,35,79,0
3859,62.94,online_retail,11,3,21.9,0,1,1,31,39,0
3860,216.24,online_retail,23,5,10.6,4,1,1,73,200,0
3861,203.27,grocery,16,6,28.9,0,1,1,66,170,0
3862,114.56,grocery,9,0,20.9,1,1,1,22,102,0
3863,57.1,restaurant,17,6,22.6,1,1,1,34,92,0
3864,36.38,online_retail,18,3,47.0,1,0,1,38,21,0
3865,14.43,travel,17,0,4.6,1,1,1,31,175,0
3866,53.6,gas_station,12,0,4.7,1,0,1,20,74,0
3867,64.96,electronics,13,5,33.0,3,1,1,48,28,0
3868,136.18,gas_station,23,0,22.2,0,1,0,42,149,0
3869,129.81,restaurant,15,0,39.2,1,1,1,64,113,0
3870,9.72,online_retail,17,1,1.0,0,0,1,61,28,0
3871,61.35,grocery,17,6,14.8,1,0,1,34,86,0
3872,25.07,online_retail,15,2,2.3,0,0,1,43,102,0
3873,21.47,travel,16,0,10.5,1,1,1,34,19,0
3874,211.75,restaurant,6,2,2.5,0,1,1,73,63,0
3875,6.14,grocery,11,0,2.1,1,1,1,36,116,0
3876,66.2,gas_station,1,2,0.2,1,1,1,44,180,0
3877,23.1,travel,9,3,14.9,1,1,1,24,38,0
3878,254.76,gas_station,4,3,6.7,1,1,0,43,46,0
3879,98.71,electronics,20,2,1.7,0,1,1,22,152,0
3880,32.58,restaurant,2,6,5.8,1,1,1,19,92,0
3881,84.76,travel,18,0,2.8,3,1,1,33,173,0
3882,158.78,travel,12,1,42.6,0,0,1,79,205,0
3883,381.75,gas_station,11,6,5.8,3,1,1,62,9,0
3884,30.88,grocery,2,2,6.1,2,1,1,28,9,0
3885,261.78,electronics,5,6,27.5,1,1,1,56,21,0
3886,327.73,gas_station,13,4,15.7,0,1,1,40,24,0
3887,298.83,travel,3,1,18.6,1,1,1,52,95,0
3888,122.08,restaurant,12,4,15.2,1,0,1,23,192,0
3889,120.25,travel,18,2,43.8,1,1,1,54,93,0
3890,262.49,online_retail,17,0,12.9,2,1,1,18,40,1
3891,168.51,restaurant,2,6,67.7,1,1,1,50,202,0
3892,91.93,restaurant,19,6,26.7,0,1,1,35,180,0
3893,136.78,travel,5,4,13.3,0,1,1,72,132,0
3894,68.13,grocery,15,6,16.3,0,1,1,20,131,0
3895,158.79,restaurant,19,2,15.7,1,1,1,74,141,0
3896,209.79,online_retail,23,1,0.9,0,0,1,36,21,0
3897,20.0,gas_station,2,0,3.7,1,1,1,27,8,0
3898,215.72,grocery,11,4,48.8,2,1,1,37,120,0
3899,94.26,grocery,18,6,11.5,1,1,1,28,201,0
3900,653.95,grocery,18,2,25.8,1,1,1,49,110,1
3901,68.73,restaurant,23,0,21.5,2,1,1,57,129,0
3902,58.18,grocery,3,0,11.2,0,0,1,37,14,0
3903,296.9,travel,0,3,0.2,1,0,1,72,76,0
3904,35.71,grocery,1,0,20.0,0,1,1,49,36,0
3905,224.11,online_retail,12,2,19.8,2,1,1,60,150,0
3906,80.4,electronics,12,1,2.7,0,0,1,54,117,0
3907,87.61,online_retail,1,5,47.1,1,0,1,39,164,0
3908,45.26,restaurant,18,3,3.8,3,1,1,73,45,0
3909,103.13,grocery,21,2,9.2,1,1,1,21,144,0
3910,48.2,grocery,23,2,1.8,2,0,1,30,11,0
3911,5.81,travel,15,2,13.9,2,1,0,23,67,0
3912,39.09,gas_station,11,4,7.1,0,1,1,46,98,0
3913,1.77,grocery,0,6,6.5,0,1,1,75,153,0
3914,460.96,online_retail,8,4,26.3,3,0,1,19,90,0
3915,405.88,restaurant,16,1,0.1,0,1,1,74,195,0
3916,61.33,electronics,9,2,24.0,2,1,1,77,212,0
3917,157.4,grocery,17,6,12.7,2,1,1,42,159,0
3918,51.92,electronics,18,4,64.1,2,0,1,49,113,0
3919,134.44,grocery,6,4,13.4,1,1,1,80,193,0
3920,197.44,restaurant,18,4,0.9,2,0,1,77,90,0
3921,352.94,gas_station,23,1,0.8,2,0,1,43,89,0
3922,62.34,online_retail,14,1,32.2,0,1,1,43,11,0
3923,184.51,restaurant,8,2,27.6,1,1,1,55,80,0
3924,38.1,electronics,9,3,6.4,1,1,1,39,84,0
3925,557.68,grocery,22,2,14.4,0,0,1,27,106,0
3926,4.13,electronics,19,4,10.1,0,1,0,40,116,0
3927,112.02,online_retail,19,5,51.2,2,1,1,21,166,0
3928,632.9,restaurant,3,6,263.0,0,1,1,33,2,1
3929,140.79,electronics,5,4,61.9,1,1,1,72,54,0
3930,16.39,electronics,3,0,30.2,1,1,1,80,93,0
3931,335.7,online_retail,4,5,36.0,1,1,1,59,7,0
3932,24.99,grocery,8,5,3.7,1,1,1,50,177,0
3933,117.98,electronics,11,6,26.7,0,0,1,30,40,0
3934,31.23,online_retail,22,2,18.5,1,1,1,63,45,0
3935,45.04,grocery,7,4,49.4,0,1,1,72,182,0
3936,95.88,gas_station,20,4,12.7,2,0,1,61,217,0
3937,65.79,grocery,4,3,1.3,0,1,1,30,189,0
3938,21.95,gas_station,10,0,13.6,0,1,1,50,132,0
3939,23.5,restaurant,22,2,17.4,0,0,1,76,107,0
3940,285.31,online_retail,10,1,12.9,1,0,0,31,34,1
3941,170.9,grocery,12,2,7.5,1,1,1,25,217,0
3942,274.89,gas_station,13,5,13.7,0,0,1,43,8,0
3943,11.55,gas_station,7,2,7.0,1,1,1,39,32,0
3944,60.93,restaurant,17,3,7.0,1,1,1,63,146,0
3945,13.68,travel,18,2,2.1,1,0,1,79,168,0
3946,3.01,online_retail,11,3,42.4,1,1,1,18,75,0
3947,131.07,travel,11,5,20.8,2,1,1,76,184,0
3948,111.69,grocery,17,3,0.0,2,1,1,77,37,0
3949,22.35,online_retail,9,6,21.8,0,1,1,66,231,0
3950,32.96,restaurant,6,6,20.2,2,1,1,33,183,0
3951,3.88,grocery,17,4,0.1,0,1,1,61,36,0
3952,217.18,online_retail,11,1,6.9,0,1,1,46,10,0
3953,442.19,online_retail,13,5,14.0,1,1,1,78,70,0
3954,18.47,travel,14,3,9.0,1,1,0,69,237,0
3955,32.59,grocery,15,0,22.6,1,1,1,40,208,0
3956,244.37,restaurant,1,5,8.3,1,1,1,22,118,0
3957,314.2,restaurant,17,0,2.5,1,0,1,38,217,0
3958,66.29,grocery,11,1,56.2,1,1,1,73,191,0
3959,7.23,grocery,15,3,4.2,2,1,1,67,162,0
3960,5.82,gas_station,12,5,19.0,0,1,0,53,95,0
3961,103.38,electronics,19,5,2.3,1,1,1,37,239,0
3962,60.89,travel,16,1,6.0,1,1,1,60,72,0
3963,4.49,grocery,17,4,8.8,2,1,1,25,145,0
3964,106.03,grocery,2,0,3.2,1,1,1,71,123,0
3965,2.36,electronics,22,5,9.0,0,1,0,43,61,0
3966,186.79,electronics,9,2,2.6,1,1,1,58,206,0
3967,44.91,online_retail,0,0,12.3,0,1,1,75,222,0
3968,5.93,restaurant,5,3,16.3,2,1,1,42,146,0
3969,107.51,travel,2,1,1.0,1,0,1,69,189,0
3970,61.84,online_retail,18,0,30.7,1,0,1,59,238,0
3971,438.04,grocery,3,2,3.1,2,1,1,24,36,0
3972,95.28,electronics,19,6,3.8,0,0,1,68,213,0
3973,39.63,gas_station,22,2,16.2,0,1,1,39,181,0
3974,149.31,restaurant,2,1,9.5,1,1,1,78,223,0
3975,39.01,online_retail,7,1,10.4,1,1,1,50,161,0
3976,282.51,gas_station,7,6,2.1,1,1,1,22,151,0
3977,57.35,restaurant,6,0,24.6,0,1,1,55,192,0
3978,96.79,gas_station,1,3,14.4,3,1,1,29,38,0
3979,7.23,electronics,20,4,2.2,2,0,1,77,197,0
3980,67.64,online_retail,5,2,7.0,2,0,1,61,207,0
3981,667.91,online_retail,15,1,98.6,2,0,1,70,158,1
3982,197.57,restaurant,9,4,12.6,1,0,1,31,144,0
3983,31.48,gas_station,3,4,1.7,3,0,1,24,182,0
3984,31.75,electronics,12,4,7.0,0,1,1,45,187,0
3985,204.99,grocery,9,3,4.2,3,1,1,69,104,0
3986,320.8,online_retail,20,1,10.9,1,1,1,70,221,0
3987,13.03,grocery,13,2,27.8,3,1,1,69,92,0
3988,72.75,electronics,8,1,8.6,0,1,1,63,6,0
3989,50.4,online_retail,10,0,8.5,1,0,1,33,133,0
3990,246.46,online_retail,22,2,35.4,1,0,1,58,230,0
3991,11.47,gas_station,17,1,12.9,1,1,1,19,217,0
3992,29.46,grocery,10,2,12.5,1,1,1,66,92,0
3993,168.55,gas_station,16,0,4.6,2,0,0,48,1,0
3994,7.32,travel,1,5,14.0,0,1,0,53,14,0
3995,82.4,grocery,2,2,12.9,1,1,1,31,83,0
3996,71.03,grocery,10,5,7.6,2,0,1,63,31,0
3997,49.85,travel,17,4,70.2,1,0,1,45,179,0
3998,61.22,electronics,2,6,32.0,1,1,1,64,121,0
3999,91.59,electronics,14,3,20.8,0,0,0,80,79,0
4000,22.12,online_retail,10,0,11.6,0,1,1,49,147,0
4001,102.83,restaurant,10,2,9.3,0,1,0,45,102,0
4002,197.44,gas_station,19,0,3.1,4,1,1,29,32,0
4003,172.33,restaurant,10,4,5.5,0,1,1,30,57,0
4004,21.05,online_retail,18,5,22.3,2,1,1,39,31,0
4005,20.4,restaurant,0,3,9.1,0,0,1,59,58,0
4006,38.47,grocery,4,0,32.1,1,1,1,65,229,0
4007,54.76,grocery,9,5,2.4,0,1,0,78,154,0
4008,64.0,travel,9,4,10.6,0,1,1,46,48,0
4009,137.62,travel,13,4,15.6,1,1,1,47,123,0
4010,25.89,online_retail,1,4,32.6,2,0,1,32,41,1
4011,5.23,online_retail,3,6,33.0,3,1,1,57,153,0
4012,60.69,online_retail,1,5,68.4,2,1,1,21,175,0
4013,144.35,grocery,17,2,1.8,0,1,1,50,182,0
4014,26.8,restaurant,12,1,2.1,1,0,1,63,232,0
4015,124.1,gas_station,18,0,2.1,1,1,1,26,121,0
4016,37.1,online_retail,4,6,17.1,0,1,1,68,185,0
4017,261.68,online_retail,19,1,7.0,0,0,1,55,200,0
4018,272.25,grocery,1,4,19.8,1,1,1,33,61,0
4019,43.34,gas_station,10,1,7.8,0,1,1,43,132,0
4020,32.36,grocery,17,5,14.8,0,0,1,79,159,0
4021,64.58,gas_station,5,4,22.0,2,1,1,73,120,0
4022,34.02,grocery,22,6,11.9,0,0,1,60,96,0
4023,134.91,restaurant,9,4,11.6,1,1,1,70,226,0
4024,210.89,online_retail,21,3,1.4,0,1,1,44,112,0
4025,135.17,electronics,22,3,7.9,1,1,0,72,195,0
4026,209.71,electronics,16,6,11.8,1,0,1,28,41,0
4027,61.7,online_retail,21,5,9.3,0,0,1,63,26,0
4028,21.4,online_retail,10,5,34.7,0,1,1,60,196,0
4029,161.71,online_retail,18,1,35.6,2,1,0,43,194,0
4030,54.64,online_retail,16,6,25.9,2,1,1,31,19,0
4031,134.5,gas_station,23,0,7.1,1,1,1,74,87,0
4032,38.87,restaurant,3,6,19.0,0,1,1,18,25,0
4033,11.17,electronics,23,1,7.5,0,0,0,28,47,0
4034,589.46,travel,13,5,4.0,2,0,1,47,199,0
4035,21.38,electronics,19,0,6.3,1,0,1,41,8,0
4036,536.03,electronics,3,6,1.1,2,1,1,67,3,0
4037,455.14,grocery,13,1,6.0,1,0,1,66,215,0
4038,190.48,online_retail,3,2,9.3,1,0,1,21,239,0
4039,130.25,online_retail,5,2,46.7,0,1,1,39,33,0
4040,104.48,online_retail,8,0,5.6,2,1,1,80,112,0
4041,242.28,grocery,20,3,34.9,1,1,1,63,156,0
4042,42.0,restaurant,11,0,3.9,1,1,1,25,22,0
4043,317.96,restaurant,7,1,9.6,3,0,0,64,99,1
4044,116.92,travel,23,4,11.0,2,1,1,33,98,0
4045,64.56,restaurant,3,2,16.7,3,0,1,50,30,0
4046,67.93,restaurant,4,4,0.7,1,1,1,50,47,0
4047,49.11,online_retail,5,2,3.7,1,0,0,27,164,0
4048,100.68,gas_station,4,1,9.1,2,0,1,19,59,0
4049,229.11,electronics,18,2,6.0,0,1,1,74,14,0
4050,28.01,restaurant,7,0,18.7,1,0,1,61,73,0
4051,327.96,restaurant,8,4,10.7,1,1,1,21,214,0
4052,141.19,grocery,14,5,2.6,0,1,0,40,220,0
4053,208.98,travel,3,4,33.7,0,1,1,68,105,0
4054,98.48,gas_station,8,1,5.2,1,1,1,44,14,0
4055,182.43,grocery,6,5,19.7,3,0,1,50,207,0
4056,2.96,online_retail,7,4,22.7,2,1,1,50,184,0
4057,205.7,electronics,14,6,49.5,2,1,1,58,229,0
4058,5.92,travel,18,1,10.4,1,0,1,79,152,0
4059,265.78,grocery,14,6,14.4,1,1,0,37,226,0
4060,579.84,restaurant,4,3,6.1,0,1,1,30,49,0
4061,42.79,restaurant,18,0,17.0,1,1,1,28,171,0
4062,29.34,travel,6,2,9.3,0,1,1,36,237,0
4063,174.97,restaurant,5,6,8.6,2,1,1,70,236,0
4064,36.01,grocery,18,2,29.0,1,1,1,66,3,0
4065,241.8,grocery,16,2,0.8,2,1,1,49,23,0
4066,14.02,restaurant,9,3,32.1,1,1,1,20,148,0
4067,17.15,restaurant,18,0,28.7,1,1,1,69,109,0
4068,465.46,online_retail,10,4,10.6,0,0,1,30,143,0
4069,135.44,electronics,14,6,10.1,1,1,0,45,43,0
4070,226.19,travel,9,4,6.7,0,0,1,39,208,0
4071,48.05,grocery,10,0,77.2,2,0,1,74,71,0
4072,136.42,travel,22,5,1.8,1,0,1,36,161,0
4073,109.24,online_retail,2,0,13.4,0,1,1,48,55,0
4074,111.9,grocery,2,2,17.2,0,0,1,37,126,0
4075,138.69,online_retail,17,4,40.8,0,0,1,70,211,0
4076,103.78,online_retail,10,0,22.7,0,1,1,80,82,0
4077,68.26,gas_station,19,4,15.5,2,1,1,41,41,0
4078,39.74,restaurant,21,0,1.9,2,1,1,49,146,0
4079,176.62,gas_station,17,1,7.0,0,1,1,26,131,0
4080,31.78,travel,14,6,2.2,0,1,1,68,3,0
4081,142.46,travel,6,2,32.0,1,1,1,36,100,0
4082,32.88,restaurant,9,0,20.8,2,1,0,40,144,0
4083,118.81,gas_station,20,3,21.3,1,0,0,42,171,0
4084,165.96,travel,22,0,15.8,0,1,1,50,23,0
4085,30.62,gas_station,19,1,10.6,1,1,1,66,215,0
4086,8.42,restaurant,9,3,2.4,0,1,1,63,143,0
4087,17.85,grocery,12,3,6.0,1,1,1,61,201,0
4088,112.77,online_retail,14,0,2.2,1,1,1,19,127,0
4089,228.21,online_retail,22,1,19.4,2,0,1,71,58,0
4090,6.52,gas_station,17,3,2.6,1,1,1,20,168,0
4091,159.98,travel,22,6,18.2,2,1,1,80,118,0
4092,51.1,gas_station,3,2,17.7,1,1,1,45,166,0
4093,79.13,gas_station,19,5,9.2,1,0,1,73,117,0
4094,318.17,electronics,16,2,2.2,0,0,1,54,82,0
4095,49.41,online_retail,2,4,5.7,0,1,1,52,102,0
4096,76.13,restaurant,20,4,5.8,4,1,1,31,134,0
4097,2.65,gas_station,20,1,18.1,1,0,1,41,108,0
4098,11.21,electronics,1,3,1.8,0,0,1,73,229,0
4099,36.9,electronics,3,2,26.5,1,1,0,67,46,0
4100,4.39,online_retail,0,2,21.5,1,1,1,54,6,0
4101,120.76,online_retail,14,5,3.1,1,1,0,20,213,0
4102,67.7,online_retail,0,1,19.0,0,1,1,40,123,0
4103,96.33,restaurant,5,6,16.6,1,1,1,51,222,0
4104,24.03,electronics,6,3,20.7,3,1,1,26,92,0
4105,43.11,travel,18,1,3.1,1,1,1,35,148,0
4106,131.81,restaurant,11,0,2.6,0,1,1,76,19,0
4107,404.33,grocery,0,2,4.0,1,0,0,19,14,0
4108,7.21,gas_station,6,1,6.8,2,0,1,39,65,0
4109,266.29,online_retail,18,1,23.7,1,1,1,68,219,0
4110,104.21,electronics,12,5,20.1,2,0,1,52,96,0
4111,100.59,gas_station,11,6,38.9,0,1,1,48,157,0
4112,84.24,restaurant,11,0,0.9,0,1,1,43,159,0
4113,9.63,grocery,21,4,0.2,3,1,1,67,153,0
4114,12.3,restaurant,12,2,18.0,2,0,1,31,199,0
4115,111.23,restaurant,13,5,4.9,1,0,1,62,231,0
4116,51.04,travel,21,6,6.1,1,0,1,65,46,0
4117,300.06,gas_station,11,6,11.9,2,1,1,70,180,0
4118,63.62,travel,19,1,1.6,0,0,1,45,16,0
4119,19.56,restaurant,11,2,15.4,4,0,1,28,108,0
4120,151.51,grocery,5,4,5.9,0,1,1,49,139,0
4121,124.26,electronics,9,6,51.4,1,0,1,38,18,1
4122,90.45,electronics,19,1,26.9,1,1,1,40,108,0
4123,144.61,gas_station,23,6,2.8,2,0,1,73,184,0
4124,277.63,online_retail,8,0,40.1,2,1,1,41,234,0
4125,189.54,online_retail,1,6,11.3,1,1,0,29,184,0
4126,393.61,electronics,6,2,218.8,0,0,0,79,185,1
4127,137.59,restaurant,8,6,3.5,0,1,1,20,69,0
4128,351.09,restaurant,11,6,13.9,2,1,1,23,120,0
4129,43.09,travel,4,5,7.8,1,1,1,80,194,0
4130,1.13,gas_station,0,0,22.3,2,0,1,65,202,0
4131,39.09,travel,21,4,14.0,0,1,1,29,218,0
4132,30.49,online_retail,14,4,10.2,3,0,1,70,88,0
4133,131.11,electronics,7,2,36.6,1,0,1,37,90,0
4134,121.52,restaurant,0,4,7.1,1,1,1,75,16,0
4135,109.01,electronics,17,3,3.7,0,1,0,23,217,0
4136,2.97,grocery,12,5,14.1,2,1,1,37,102,0
4137,157.58,electronics,0,2,14.7,1,1,1,31,134,0
4138,47.9,grocery,4,6,8.7,3,1,1,73,180,0
4139,132.26,travel,17,3,10.0,2,1,1,58,125,0
4140,98.59,travel,15,4,48.1,2,1,0,66,120,0
4141,51.36,online_retail,9,6,19.8,2,1,1,61,183,0
4142,18.34,electronics,3,2,1.8,3,0,0,18,76,0
4143,12.9,electronics,0,3,3.6,1,1,0,37,73,0
4144,214.71,grocery,22,4,55.7,2,0,1,39,177,0
4145,301.71,travel,7,1,19.4,3,1,1,57,234,0
4146,126.91,grocery,4,1,37.0,2,1,1,48,200,0
4147,14.1,travel,1,0,5.4,1,1,1,48,184,0
4148,62.71,grocery,23,1,20.3,0,1,1,45,223,0
4149,157.65,travel,16,3,18.8,1,0,1,29,41,0
4150,182.6,grocery,6,5,5.2,2,1,1,33,224,0
4151,16.1,travel,16,1,12.0,0,1,1,50,199,0
4152,1.0,gas_station,5,2,14.8,1,1,1,52,224,0
4153,150.43,grocery,21,2,9.8,1,1,1,61,106,0
4154,53.92,electronics,14,2,26.3,1,1,0,21,184,0
4155,36.24,online_retail,4,1,26.8,1,1,1,27,121,0
4156,2.56,gas_station,14,6,28.5,2,1,1,51,89,0
4157,94.26,gas_station,17,1,24.4,0,1,1,78,225,0
4158,229.58,grocery,17,0,10.0,1,1,1,58,191,0
4159,380.36,online_retail,20,5,7.2,0,0,1,20,118,0
4160,101.09,electronics,20,6,26.7,1,1,1,48,156,0
4161,87.7,gas_station,22,5,10.1,0,1,1,69,203,0
4162,11.67,electronics,5,6,4.2,4,1,1,48,159,0
4163,96.52,travel,1,6,10.6,0,1,1,69,183,0
4164,58.36,online_retail,16,4,2.3,1,1,1,18,180,0
4165,113.11,restaurant,20,0,17.6,0,1,1,22,202,0
4166,60.07,travel,3,3,6.1,1,1,1,22,66,0
4167,33.98,online_retail,11,2,4.5,4,1,1,19,46,0
4168,12.97,grocery,18,1,47.0,1,0,1,32,108,0
4169,46.39,grocery,1,4,22.5,1,0,1,18,4,0
4170,13.2,electronics,1,4,23.2,2,1,1,38,150,0
4171,24.36,gas_station,13,6,14.7,0,1,1,54,173,0
4172,525.28,restaurant,14,1,27.4,0,1,1,24,156,0
4173,71.46,grocery,19,0,21.4,1,0,1,28,138,0
4174,92.08,online_retail,1,4,13.7,2,0,1,43,194,0
4175,249.21,gas_station,3,5,48.7,1,1,1,59,177,0
4176,651.29,gas_station,18,0,3.2,1,1,1,19,95,0
4177,105.88,online_retail,8,1,43.1,1,0,1,47,106,0
4178,201.86,gas_station,6,6,7.7,0,0,1,78,215,0
4179,48.51,grocery,12,0,11.3,0,1,1,77,80,0
4180,44.79,online_retail,11,6,2.0,1,1,1,31,201,0
4181,62.84,online_retail,2,5,11.7,2,1,1,73,51,0
4182,134.95,electronics,12,2,14.2,1,1,1,70,171,0
4183,138.56,restaurant,14,6,91.1,2,1,1,22,134,0
4184,46.44,electronics,13,6,55.4,0,1,1,48,121,0
4185,18.16,restaurant,23,1,50.9,0,0,0,65,153,0
4186,121.09,online_retail,8,5,6.4,1,0,1,49,4,0
4187,17.48,gas_station,12,1,71.1,0,0,1,74,240,0
4188,104.67,restaurant,22,5,9.1,0,1,1,80,204,0
4189,142.87,online_retail,21,5,28.6,1,1,1,51,152,0
4190,145.72,online_retail,3,4,3.7,2,1,1,27,184,0
4191,169.03,electronics,20,4,10.6,1,1,0,48,91,0
4192,248.5,electronics,7,4,50.7,1,1,1,44,240,0
4193,84.17,gas_station,2,2,44.1,2,1,1,35,183,0
4194,158.23,travel,1,2,17.3,2,1,1,22,54,0
4195,116.85,grocery,18,5,24.0,0,1,1,34,3,0
4196,25.79,travel,22,3,2.9,0,1,1,28,204,0
4197,4.12,travel,7,1,19.2,1,1,1,22,175,0
4198,41.18,gas_station,16,4,14.4,0,1,1,70,30,0
4199,71.23,restaurant,12,1,1.4,1,0,1,73,76,0
4200,116.2,gas_station,6,6,1.8,0,1,0,55,41,0
4201,228.62,gas_station,8,5,1.7,0,1,1,76,106,0
4202,27.22,online_retail,11,0,19.3,0,1,1,71,183,0
4203,17.1,online_retail,13,5,2.3,2,0,1,65,59,0
4204,398.19,online_retail,13,2,9.5,4,1,1,54,40,0
4205,14.72,grocery,14,3,6.6,1,0,1,38,45,0
4206,79.12,restaurant,2,0,12.0,0,1,1,41,150,0
4207,106.7,restaurant,14,1,18.4,2,1,0,47,15,0
4208,94.54,online_retail,18,2,17.3,2,0,1,33,220,0
4209,11.8,travel,23,4,10.9,2,1,1,66,17,0
4210,8.05,grocery,19,0,9.4,0,1,1,58,187,0
4211,14.38,travel,13,2,7.6,0,1,1,39,108,0
4212,106.71,electronics,7,1,29.7,1,1,1,74,240,0
4213,95.32,restaurant,4,5,6.0,1,1,1,19,25,0
4214,32.95,restaurant,18,1,4.5,1,1,1,36,43,0
4215,122.86,travel,3,0,20.4,2,1,1,66,192,0
4216,206.82,grocery,13,0,6.7,5,0,1,54,179,0
4217,6.1,restaurant,15,5,28.2,0,1,1,19,61,0
4218,83.73,travel,19,0,6.0,3,1,0,28,173,0
4219,141.28,gas_station,23,3,18.2,1,1,1,50,131,0
4220,35.89,gas_station,5,4,0.7,1,1,1,26,164,0
4221,45.14,grocery,22,2,7.3,1,1,1,76,223,0
4222,115.12,travel,5,5,6.3,1,1,1,42,207,0
4223,274.86,gas_station,2,1,25.4,3,0,1,23,238,0
4224,200.24,grocery,14,1,51.2,0,1,1,28,192,0
4225,106.0,online_retail,2,4,9.3,1,1,1,44,28,0
4226,158.22,grocery,10,0,26.1,0,1,1,25,107,0
4227,55.46,electronics,2,0,18.0,2,1,1,62,223,0
4228,123.92,online_retail,9,1,51.3,0,0,1,48,124,0
4229,76.32,travel,17,4,25.0,2,1,1,44,173,0
4230,26.28,online_retail,0,1,1.2,0,1,1,80,84,0
4231,146.17,online_retail,15,0,18.7,1,0,1,61,237,0
4232,98.56,travel,15,5,11.5,2,0,1,58,149,0
4233,54.3,travel,9,2,0.2,2,1,1,64,27,0
4234,291.75,gas_station,0,0,4.3,2,0,1,22,83,0
4235,3.54,electronics,3,5,38.2,1,1,1,32,100,0
4236,46.54,travel,2,2,39.1,0,1,1,19,76,0
4237,8.03,restaurant,4,6,24.1,2,1,1,32,35,0
4238,175.56,restaurant,11,3,60.1,1,1,1,48,176,0
4239,146.32,electronics,11,4,24.6,0,1,1,37,97,0
4240,49.3,grocery,12,5,0.2,0,1,1,20,100,0
4241,136.12,grocery,23,3,5.1,0,1,1,59,233,0
4242,61.49,restaurant,11,0,0.5,1,1,1,56,151,0
4243,170.4,travel,15,6,1.5,2,1,1,27,192,0
4244,73.66,electronics,12,4,3.7,4,0,1,43,13,0
4245,64.78,grocery,4,5,10.5,0,1,1,27,158,0
4246,328.51,grocery,23,6,28.2,2,1,1,57,202,0
4247,35.66,online_retail,3,0,29.7,2,1,1,30,233,0
4248,16.4,restaurant,20,4,14.4,1,1,1,38,148,0
4249,106.41,travel,14,4,39.5,3,1,1,51,6,0
4250,419.1,electronics,11,0,10.4,1,0,1,61,223,0
4251,57.95,grocery,18,0,33.0,1,1,1,49,147,0
4252,8.69,online_retail,20,6,9.1,2,0,1,26,195,0
4253,50.74,restaurant,18,6,4.9,1,1,1,47,74,0
4254,85.61,restaurant,20,5,37.2,1,0,1,18,10,0
4255,22.2,electronics,10,4,7.4,1,1,1,70,184,0
4256,129.79,grocery,20,5,10.5,1,0,1,29,21,0
4257,732.59,electronics,5,6,6.0,1,1,1,61,127,0
4258,73.12,electronics,8,4,16.3,1,1,1,52,56,0
4259,53.57,gas_station,0,5,79.6,4,1,1,41,57,0
4260,62.44,online_retail,11,0,0.4,1,1,1,57,130,0
4261,15.68,restaurant,13,0,34.5,2,1,1,62,237,0
4262,258.75,gas_station,5,1,0.1,1,1,1,77,39,0
4263,65.3,travel,0,6,6.8,0,0,1,77,61,0
4264,59.78,restaurant,21,5,2.8,0,1,1,66,173,0
4265,130.35,restaurant,1,1,21.2,1,1,1,69,222,0
4266,71.01,online_retail,23,1,0.8,2,1,1,77,110,0
4267,126.37,travel,10,3,12.1,2,1,1,80,156,0
4268,8.61,grocery,2,4,5.2,2,1,1,27,146,0
4269,202.66,travel,9,2,2.2,0,1,1,64,14,0
4270,339.62,grocery,5,3,22.2,1,1,1,41,183,0
4271,126.56,travel,5,6,3.7,0,1,1,74,59,0
4272,371.98,electronics,19,4,3.8,2,1,1,58,109,0
4273,20.7,travel,20,2,4.8,1,0,1,35,147,0
4274,78.88,gas_station,1,1,13.3,0,1,1,74,232,0
4275,111.5,gas_station,23,2,16.2,0,1,1,25,228,0
4276,105.6,online_retail,9,0,0.3,0,1,1,76,41,0
4277,62.59,grocery,22,6,4.2,2,1,0,63,140,0
4278,50.51,restaurant,5,0,8.5,2,1,1,60,148,0
4279,17.27,online_retail,22,5,6.1,0,0,1,30,162,0
4280,60.66,gas_station,16,4,32.3,3,0,1,33,125,0
4281,22.3,gas_station,13,3,23.2,2,1,1,31,36,0
4282,160.08,grocery,4,6,14.7,1,1,1,26,21,0
4283,29.11,gas_station,22,1,6.2,0,0,1,26,56,0
4284,8.24,gas_station,16,6,18.1,0,1,1,68,211,0
4285,97.45,grocery,1,4,27.8,4,1,0,22,41,0
4286,109.53,gas_station,8,1,13.6,3,1,0,64,127,0
4287,247.61,restaurant,11,0,23.0,1,1,1,78,169,0
4288,104.24,electronics,18,6,20.7,3,0,1,28,171,0
4289,51.86,online_retail,21,3,12.7,0,0,1,36,106,0
4290,195.95,restaurant,6,3,5.6,0,1,1,55,227,0
4291,94.26,restaurant,8,0,20.5,3,0,1,27,200,0
4292,10.91,electronics,20,2,3.5,0,1,1,33,86,0
4293,101.12,online_retail,15,3,22.7,0,0,1,46,235,0
4294,287.34,restaurant,19,2,24.5,0,1,1,22,38,0
4295,61.56,gas_station,10,1,25.9,3,1,1,35,146,0
4296,43.17,electronics,11,3,9.6,0,1,1,68,8,0
4297,19.58,online_retail,14,5,3.2,0,1,1,72,194,0
4298,20.71,travel,17,0,1.6,2,1,1,59,148,0
4299,69.04,grocery,18,6,20.4,0,1,1,59,197,0
4300,109.67,gas_station,15,2,32.6,2,0,1,61,185,0
4301,11.09,electronics,14,5,15.8,1,0,1,70,106,0
4302,337.75,grocery,4,1,2.3,1,1,1,52,222,0
4303,658.12,travel,10,1,147.0,0,0,0,53,146,1
4304,107.01,restaurant,14,3,67.8,1,0,1,39,108,0
4305,212.54,restaurant,17,3,8.5,2,1,1,41,188,0
4306,11.03,online_retail,12,5,13.6,1,1,1,29,215,0
4307,78.74,electronics,3,4,22.5,0,0,1,56,130,0
4308,120.34,electronics,16,4,20.0,2,1,1,29,170,0
4309,212.69,online_retail,3,3,51.5,1,1,1,52,64,0
4310,184.6,grocery,15,4,1.8,0,1,1,67,44,0
4311,39.93,restaurant,22,0,13.0,2,1,0,36,179,0
4312,340.38,restaurant,14,5,17.7,0,0,1,54,101,0
4313,16.93,electronics,13,0,33.1,1,1,1,31,106,0
4314,250.66,electronics,11,4,31.1,0,0,1,40,224,0
4315,1023.33,online_retail,2,3,241.2,2,0,1,79,65,1
4316,24.4,travel,9,0,10.8,2,1,1,57,231,0
4317,154.64,grocery,7,1,26.6,2,0,1,39,65,0
4318,5.93,gas_station,5,6,8.4,2,1,1,64,118,0
4319,63.39,travel,21,3,8.2,2,1,1,65,124,0
4320,88.15,travel,13,5,4.4,1,0,0,78,182,0
4321,105.28,electronics,16,2,25.6,2,1,1,67,108,0
4322,330.75,electronics,20,2,63.8,1,0,1,28,95,0
4323,134.86,electronics,18,3,4.4,0,1,1,19,167,0
4324,79.77,travel,15,4,0.9,1,0,1,27,136,0
4325,200.08,grocery,14,0,25.4,1,1,1,60,67,0
4326,361.77,electronics,14,0,14.5,0,1,1,22,111,0
4327,3.68,restaurant,0,3,48.2,0,1,1,76,76,0
4328,2423.33,grocery,23,1,18.4,3,1,1,47,226,1
4329,11.81,restaurant,22,5,1.1,1,1,1,38,49,0
4330,203.09,grocery,22,4,10.2,1,1,1,66,217,0
4331,40.48,electronics,11,1,1.3,1,1,1,50,164,0
4332,18.01,gas_station,9,3,4.6,1,1,1,42,7,0
4333,70.55,online_retail,13,3,2.0,1,1,1,63,15,0
4334,124.92,electronics,9,1,3.8,2,1,1,64,85,0
4335,58.55,travel,9,2,1.7,3,0,1,24,153,0
4336,7.73,gas_station,19,3,46.2,0,0,1,57,240,0
4337,110.79,travel,10,5,4.9,1,1,1,45,185,0
4338,280.23,grocery,21,6,8.8,0,1,1,33,38,0
4339,58.99,travel,15,4,34.3,3,1,0,62,37,0
4340,30.25,gas_station,8,1,17.0,2,1,1,54,122,0
4341,71.13,gas_station,14,2,14.4,0,1,1,20,16,0
4342,6.95,electronics,13,1,18.3,0,1,1,62,1,0
4343,207.1,restaurant,18,2,26.5,1,1,1,36,175,0
4344,211.08,electronics,8,2,31.5,1,1,1,29,180,0
4345,307.38,grocery,3,5,66.7,4,1,1,36,37,1
4346,53.27,travel,20,4,33.1,0,1,1,66,45,0
4347,610.74,restaurant,6,3,60.7,2,0,1,28,142,1
4348,98.08,online_retail,21,2,4.9,3,0,1,76,185,0
4349,210.8,gas_station,7,3,31.8,2,0,1,20,162,0
4350,120.78,restaurant,23,4,11.7,2,1,0,78,194,0
4351,185.12,restaurant,7,3,35.5,0,1,1,19,159,0
4352,110.52,electronics,18,5,0.6,1,1,1,73,83,0
4353,65.16,online_retail,14,5,7.6,0,1,1,75,211,0
4354,381.26,gas_station,15,0,44.3,0,1,0,63,172,0
4355,94.47,grocery,21,5,4.3,0,0,1,43,23,0
4356,112.49,grocery,22,2,42.6,0,0,1,39,94,0
4357,30.89,restaurant,8,4,46.2,1,0,1,70,81,0
4358,118.91,restaurant,11,5,32.1,0,0,1,34,66,0
4359,102.73,travel,15,1,12.4,2,1,1,51,139,0
4360,25.52,online_retail,3,4,15.6,0,0,1,67,177,0
4361,8.37,gas_station,4,2,30.6,3,0,1,72,206,0
4362,112.27,restaurant,7,4,22.4,0,1,1,32,233,0
4363,174.11,travel,0,5,14.9,0,1,1,29,58,0
4364,89.93,online_retail,5,1,60.5,0,1,1,33,29,0
4365,31.86,gas_station,14,0,17.4,7,1,1,33,83,0
4366,132.78,grocery,3,2,55.6,1,1,1,56,220,0
4367,11.02,travel,20,6,0.9,3,0,1,23,179,0
4368,70.97,online_retail,10,2,2.2,2,1,1,63,129,0
4369,22.4,travel,4,4,9.0,3,1,1,25,133,0
4370,25.47,restaurant,17,6,7.3,1,1,1,69,115,0
4371,28.12,electronics,23,6,22.9,1,1,1,42,34,0
4372,59.67,grocery,14,3,2.6,1,1,1,73,125,0
4373,7.3,restaurant,17,6,56.0,1,0,1,36,78,0
4374,61.86,restaurant,19,3,5.7,3,1,0,36,19,0
4375,87.02,online_retail,12,6,8.4,1,0,0,77,88,0
4376,80.23,travel,4,1,4.8,1,1,1,29,168,0
4377,58.9,grocery,0,0,13.0,1,1,1,26,81,0
4378,220.27,restaurant,21,0,0.9,1,0,1,58,194,0
4379,19.84,online_retail,17,6,2.4,1,0,1,46,95,0
4380,85.55,grocery,13,4,20.5,1,1,1,44,209,0
4381,8.69,travel,4,4,3.1,1,0,1,22,192,0
4382,9.86,restaurant,5,3,4.0,0,1,1,43,72,0
4383,103.36,gas_station,23,5,23.6,1,1,1,47,238,0
4384,101.17,restaurant,15,0,1.5,0,1,1,31,145,0
4385,253.48,restaurant,21,5,8.6,2,1,1,50,38,0
4386,98.94,grocery,20,0,0.4,0,1,1,52,218,0
4387,386.64,grocery,11,5,6.4,0,1,1,28,171,0
4388,6.99,grocery,19,5,18.0,2,1,1,70,40,0
4389,13.38,grocery,17,0,1.4,0,1,1,21,173,0
4390,6.41,online_retail,1,1,32.9,1,1,1,69,168,0
4391,25.59,electronics,22,1,36.0,2,0,1,50,199,0
4392,94.52,online_retail,20,4,1.7,0,1,1,80,120,0
4393,125.47,restaurant,22,5,70.2,1,1,1,23,88,0
4394,6.6,online_retail,12,5,5.3,0,0,1,45,222,0
4395,351.19,travel,16,5,1.3,3,1,1,27,90,0
4396,222.54,gas_station,16,5,0.1,1,1,1,76,30,0
4397,43.22,grocery,15,5,7.9,1,1,1,53,163,0
4398,10.64,travel,20,3,14.9,1,1,1,66,194,0
4399,23.34,gas_station,17,2,6.1,0,1,1,43,172,0
4400,17.29,travel,7,5,27.2,4,0,1,47,132,0
4401,16.79,restaurant,2,3,18.9,0,1,1,39,192,0
4402,88.72,grocery,16,1,6.5,1,1,1,70,133,0
4403,34.86,travel,17,5,19.9,0,1,1,22,176,0
4404,54.21,restaurant,22,1,42.3,0,1,1,19,66,0
4405,547.83,grocery,5,4,1.5,0,0,1,50,95,0
4406,139.36,electronics,7,2,5.5,1,0,0,33,27,0
4407,358.07,restaurant,22,0,9.3,0,1,0,24,152,0
4408,19.46,online_retail,12,2,10.3,1,0,1,38,56,0
4409,58.78,grocery,7,5,11.7,2,0,1,52,45,0
4410,98.09,travel,18,5,5.4,1,1,1,63,68,0
4411,10.58,gas_station,5,2,16.5,1,0,1,39,156,0
4412,1.5,travel,22,2,15.5,2,0,1,68,5,0
4413,134.2,online_retail,14,4,12.9,1,1,1,65,219,0
4414,124.21,online_retail,9,6,1.8,1,1,1,39,108,0
4415,64.48,travel,16,1,9.7,1,0,1,23,47,0
4416,81.72,gas_station,0,0,6.6,2,1,1,79,133,0
4417,65.43,grocery,6,6,10.1,2,0,1,74,5,0
4418,3.92,restaurant,12,2,38.2,0,1,1,73,176,0
4419,50.02,online_retail,2,0,9.8,1,1,1,50,121,0
4420,24.39,online_retail,18,2,0.2,1,1,1,56,73,0
4421,13.43,online_retail,14,1,8.7,0,1,1,60,47,0
4422,377.81,gas_station,4,0,25.8,2,1,1,42,190,0
4423,296.04,electronics,10,6,127.2,1,0,0,35,155,1
4424,157.52,gas_station,21,3,10.8,2,1,1,58,4,0
4425,46.46,grocery,17,1,4.3,0,1,1,71,177,0
4426,60.94,grocery,2,6,9.4,0,1,1,52,216,0
4427,33.45,grocery,5,0,12.4,0,1,1,41,91,0
4428,13.24,grocery,2,2,134.4,0,0,1,72,65,0
4429,24.67,grocery,4,6,15.5,1,0,1,77,96,0
4430,192.65,travel,8,2,17.8,2,1,1,57,80,0
4431,136.82,online_retail,18,1,10.1,1,1,1,57,87,0
4432,96.0,gas_station,12,1,6.6,1,1,1,40,220,0
4433,78.34,travel,5,6,25.1,1,1,1,50,61,0
4434,307.8,gas_station,10,2,10.2,2,0,1,46,148,0
4435,10.06,electronics,20,0,78.6,0,1,1,27,209,0
4436,40.52,restaurant,20,6,9.2,0,1,1,32,100,0
4437,52.68,online_retail,13,3,1.1,1,1,1,27,119,0
4438,184.03,electronics,5,4,17.2,0,0,1,43,109,0
4439,2312.62,travel,5,1,2.0,2,0,1,57,136,1
4440,34.04,restaurant,16,2,4.3,2,0,1,70,82,0
4441,249.87,electronics,10,0,6.5,3,0,1,46,13,0
4442,214.08,gas_station,14,1,20.2,1,0,1,51,201,0
4443,31.53,restaurant,8,0,10.2,0,0,1,35,165,0
4444,62.17,gas_station,20,1,0.4,1,0,1,19,222,0
4445,64.25,electronics,16,2,14.4,1,0,1,42,43,0
4446,460.22,travel,23,0,8.0,1,1,1,79,92,0
4447,24.94,gas_station,6,2,38.2,1,1,1,38,238,0
4448,193.63,restaurant,6,0,10.4,0,1,1,68,184,0
4449,49.81,electronics,20,1,18.5,2,1,1,48,178,0
4450,158.51,gas_station,0,4,3.7,2,0,1,39,210,0
4451,66.37,travel,7,4,21.5,1,0,1,26,20,0
4452,104.63,online_retail,4,6,19.1,0,1,1,44,48,0
4453,215.49,travel,18,3,35.2,1,1,0,42,100,0
4454,196.66,travel,7,3,0.5,0,0,1,42,19,0
4455,242.57,online_retail,16,6,8.9,2,1,1,44,69,0
4456,8.38,travel,18,6,17.1,0,1,1,27,226,0
4457,310.51,online_retail,11,5,8.2,2,0,1,47,17,1
4458,19.1,online_retail,22,2,7.9,0,1,1,76,156,0
4459,65.51,gas_station,14,0,42.7,2,1,1,21,36,0
4460,96.45,gas_station,3,3,8.6,1,1,1,38,166,0
4461,62.85,online_retail,22,1,63.4,1,1,1,77,222,0
4462,88.98,electronics,11,6,0.9,1,1,1,47,82,0
4463,680.5,restaurant,12,4,19.0,0,1,0,50,70,0
4464,18.43,electronics,13,0,13.0,2,1,0,60,116,0
4465,136.04,online_retail,4,5,10.4,2,1,1,43,154,0
4466,61.5,restaurant,21,4,53.0,0,0,1,71,207,0
4467,18.13,gas_station,15,6,2.1,0,1,1,19,1,0
4468,21.74,restaurant,6,0,34.0,0,1,1,40,81,0
4469,358.76,online_retail,14,6,17.6,0,1,0,48,223,0
4470,255.03,gas_station,12,3,4.5,2,1,1,21,130,0
4471,286.07,restaurant,15,3,34.8,2,1,1,64,164,0
4472,573.59,restaurant,11,2,8.4,3,1,1,37,184,0
4473,29.03,electronics,6,5,25.2,0,0,1,42,35,0
4474,53.7,restaurant,15,0,7.4,2,0,1,62,127,0
4475,133.76,online_retail,22,5,28.6,1,1,1,18,27,0
4476,384.35,grocery,22,1,63.7,1,1,1,71,195,1
4477,66.03,grocery,12,5,2.3,0,1,1,19,184,0
4478,54.14,grocery,22,6,15.7,0,1,1,23,46,0
4479,109.1,online_retail,2,6,3.2,1,0,1,24,148,0
4480,103.85,grocery,14,3,8.0,2,1,1,68,8,0
4481,22.13,electronics,2,2,2.8,1,0,1,21,93,0
4482,77.58,online_retail,6,6,0.3,1,0,1,35,72,0
4483,97.75,gas_station,17,3,3.6,0,1,1,72,233,0
4484,102.36,online_retail,13,4,11.5,1,1,1,58,114,0
4485,29.3,online_retail,17,3,9.9,5,1,1,70,91,0
4486,163.7,restaurant,18,0,10.4,1,1,1,60,26,0
4487,4.06,restaurant,13,2,4.3,3,0,1,22,103,0
4488,53.59,restaurant,19,6,17.3,1,1,0,42,202,0
4489,182.81,travel,5,0,18.3,1,1,1,73,62,0
4490,100.58,electronics,7,1,6.6,1,0,1,18,94,0
4491,37.32,online_retail,6,1,32.0,0,1,1,51,161,0
4492,143.47,online_retail,19,3,15.5,1,1,1,72,61,0
4493,101.55,restaurant,17,2,18.7,0,1,1,20,228,0
4494,191.9,online_retail,17,5,4.9,3,1,1,71,148,0
4495,160.37,gas_station,14,2,0.0,1,1,1,34,68,0
4496,332.05,online_retail,19,2,171.5,1,1,0,49,215,1
4497,81.37,grocery,21,2,25.9,1,1,1,41,29,0
4498,18.15,gas_station,18,3,2.0,1,1,1,19,46,0
4499,37.35,gas_station,21,0,7.0,2,1,1,18,224,0
4500,66.18,online_retail,20,3,16.2,0,0,1,51,165,0
4501,110.74,travel,20,5,15.8,1,1,1,25,101,0
4502,87.51,restaurant,1,0,29.5,1,1,1,62,90,0
4503,41.79,electronics,7,5,2.3,1,0,1,75,181,0
4504,1.78,electronics,20,4,8.4,1,0,1,63,133,0
4505,83.28,grocery,10,4,1.5,1,0,1,70,88,0
4506,41.36,electronics,17,6,7.4,1,1,1,61,127,0
4507,160.19,electronics,22,6,0.2,0,1,1,26,107,0
4508,3.91,restaurant,12,0,34.3,0,1,1,45,66,0
4509,106.49,restaurant,8,3,11.2,1,0,1,36,143,0
4510,341.59,travel,8,5,28.4,1,1,1,73,46,0
4511,24.0,grocery,16,5,0.9,2,1,1,37,238,0
4512,77.56,electronics,6,6,3.9,1,1,0,24,232,0
4513,12.5,travel,8,6,4.5,1,1,1,75,185,0
4514,118.92,grocery,21,1,7.3,1,1,1,59,8,0
4515,96.96,gas_station,0,5,24.4,1,0,1,73,165,0
4516,63.78,electronics,1,3,7.3,2,0,1,52,101,0
4517,89.42,electronics,3,1,3.4,0,1,1,36,185,0
4518,273.27,restaurant,13,3,1.0,1,0,1,34,142,0
4519,27.22,online_retail,3,2,1.2,0,1,1,57,133,0
4520,3.74,grocery,1,5,21.4,0,1,0,80,73,0
4521,238.37,electronics,7,2,8.8,2,1,1,35,214,0
4522,104.28,grocery,17,4,19.4,2,1,1,24,123,0
4523,266.59,travel,18,4,17.2,1,1,1,80,43,0
4524,110.04,travel,13,0,2.2,1,1,1,44,177,0
4525,200.39,online_retail,19,5,2.3,0,0,1,56,123,0
4526,68.39,electronics,9,6,21.1,1,0,1,47,236,0
4527,167.29,restaurant,16,1,19.2,2,1,0,40,172,0
4528,294.08,electronics,7,2,7.1,0,1,1,37,184,0
4529,102.87,grocery,13,3,1.2,1,1,1,40,48,0
4530,24.93,gas_station,20,5,0.2,1,1,1,43,158,0
4531,38.57,travel,22,0,5.1,3,1,1,65,161,0
4532,27.57,grocery,7,3,0.1,1,1,1,64,230,0
4533,35.02,online_retail,4,2,3.9,0,1,1,31,165,0
4534,44.91,travel,15,5,8.2,2,1,1,65,178,0
4535,98.2,restaurant,7,6,1.9,0,1,1,48,237,0
4536,107.41,travel,9,2,1.7,3,0,1,44,230,0
4537,67.72,gas_station,7,5,34.0,3,0,1,80,7,0
4538,115.67,electronics,8,5,13.2,0,1,1,73,195,0
4539,11.21,gas_station,17,2,40.9,1,1,1,26,171,0
4540,12.03,gas_station,2,2,6.4,1,0,1,40,40,0
4541,23.62,electronics,16,3,17.0,0,1,1,71,32,0
4542,88.6,travel,19,0,3.4,1,1,1,70,228,0
4543,29.9,online_retail,14,2,14.4,2,1,1,80,234,0
4544,40.97,electronics,20,4,2.1,1,1,0,27,105,0
4545,62.36,electronics,16,0,0.0,4,1,1,64,183,0
4546,201.47,restaurant,7,4,40.2,4,1,1,75,237,0
4547,2.68,travel,1,3,12.1,0,1,0,40,211,0
4548,126.77,electronics,16,2,39.2,2,0,1,27,223,0
4549,133.63,online_retail,17,0,6.1,3,1,1,19,94,0
4550,193.33,grocery,4,6,6.0,2,1,1,54,111,0
4551,324.93,travel,8,2,7.7,3,1,1,78,229,0
4552,3.44,restaurant,8,5,18.4,1,1,1,57,89,0
4553,21.04,gas_station,1,2,12.5,2,1,1,55,77,0
4554,261.77,electronics,1,6,38.9,1,1,0,55,204,0
4555,74.61,online_retail,18,0,0.4,1,1,1,18,9,0
4556,100.78,travel,22,2,18.5,2,1,1,65,232,0
4557,131.53,online_retail,2,2,6.0,0,0,1,35,137,0
4558,137.38,online_retail,16,1,3.0,1,0,1,52,64,0
4559,323.13,gas_station,13,1,10.7,1,1,1,24,173,0
4560,696.09,restaurant,13,0,10.5,1,1,1,61,91,0
4561,153.82,travel,13,0,2.2,1,0,1,59,189,0
4562,41.63,electronics,5,5,3.4,3,1,1,39,233,0
4563,255.18,restaurant,2,5,7.9,2,0,1,70,95,0
4564,7.06,electronics,0,2,7.9,1,1,1,42,198,0
4565,32.53,grocery,15,4,5.7,3,1,1,59,93,0
4566,274.21,online_retail,3,0,2.4,1,1,1,40,94,0
4567,36.52,grocery,0,6,0.1,0,0,1,26,166,0
4568,30.92,online_retail,16,2,52.7,0,1,1,44,203,0
4569,18.84,gas_station,17,4,43.1,2,0,1,28,234,0
4570,236.17,restaurant,7,1,9.9,1,0,1,68,174,0
4571,84.19,electronics,1,5,79.6,3,1,1,44,124,0
4572,135.83,gas_station,17,6,16.8,2,1,1,57,70,0
4573,33.79,electronics,15,0,1.1,1,1,1,45,103,0
4574,171.28,restaurant,9,2,1.9,0,1,1,74,233,0
4575,823.77,travel,7,1,210.7,1,0,1,35,64,1
4576,45.98,grocery,11,3,14.9,1,1,1,53,95,0
4577,64.45,grocery,21,1,27.8,1,1,1,51,163,0
4578,29.24,electronics,15,2,34.3,1,1,1,30,12,0
4579,451.4,electronics,11,5,8.9,2,0,1,72,48,0
4580,125.48,electronics,10,4,0.7,0,1,1,63,63,0
4581,328.17,restaurant,19,6,3.1,0,0,1,69,173,0
4582,44.38,travel,18,6,1.0,1,0,1,47,6,0
4583,183.73,grocery,0,3,3.1,0,0,1,45,45,0
4584,175.22,gas_station,2,6,7.9,0,1,0,39,90,0
4585,142.18,online_retail,11,3,1.9,1,1,1,41,101,0
4586,405.5,restaurant,8,5,2.7,3,1,1,64,160,0
4587,61.02,grocery,20,3,8.9,2,1,1,47,196,0
4588,17.81,travel,21,0,6.2,2,0,1,62,104,0
4589,134.66,restaurant,4,2,9.5,1,1,1,55,131,0
4590,157.81,gas_station,0,6,8.4,0,1,1,37,127,0
4591,103.7,grocery,9,3,15.5,1,1,0,23,130,0
4592,79.51,restaurant,16,1,147.6,1,1,0,50,20,1
4593,85.25,grocery,3,4,1.7,1,1,1,64,211,0
4594,45.91,grocery,14,2,1.6,2,1,0,55,39,0
4595,67.92,travel,18,5,28.7,2,1,1,76,140,0
4596,125.35,online_retail,7,6,10.6,4,1,1,32,189,0
4597,165.08,travel,22,1,21.8,2,1,1,32,36,0
4598,32.71,grocery,14,0,3.6,0,1,1,49,234,0
4599,224.42,restaurant,6,3,122.1,0,1,0,31,92,1
4600,38.63,gas_station,14,1,38.6,1,0,1,59,9,0
4601,112.64,travel,7,2,82.8,3,0,1,78,44,1
4602,184.56,online_retail,22,6,1.7,1,1,1,76,75,0
4603,288.96,grocery,9,1,33.8,0,1,0,25,53,0
4604,56.49,gas_station,17,0,23.6,2,1,0,53,30,0
4605,167.97,travel,3,4,20.8,1,0,1,74,115,0
4606,273.76,travel,14,3,0.6,0,0,1,39,66,0
4607,225.59,travel,10,2,24.1,1,1,1,55,38,0
4608,25.23,travel,21,6,2.2,2,0,1,37,38,0
4609,1445.46,gas_station,2,3,13.4,1,1,0,41,161,1
4610,57.72,restaurant,14,3,12.9,3,1,1,38,199,0
4611,50.72,online_retail,2,5,4.6,0,0,1,45,236,0
4612,8.74,online_retail,14,3,16.2,3,1,1,66,213,0
4613,80.9,grocery,5,1,14.1,2,1,1,40,55,0
4614,14.85,electronics,0,1,1.7,1,0,1,41,76,0
4615,35.29,restaurant,13,4,16.0,1,1,1,71,116,0
4616,46.74,grocery,15,0,38.6,2,0,0,56,85,0
4617,199.55,grocery,0,6,2.6,0,1,0,61,23,0
4618,251.0,travel,20,6,13.6,0,1,1,40,198,0
4619,44.22,electronics,16,2,6.3,2,1,1,21,142,0
4620,235.82,electronics,7,1,9.2,0,1,1,63,96,0
4621,234.58,restaurant,17,3,5.1,3,0,1,21,49,0
4622,174.6,electronics,15,0,6.6,3,0,1,47,113,0
4623,20.04,grocery,5,2,0.4,0,1,0,65,114,0
4624,141.67,electronics,9,6,59.9,2,1,1,45,45,0
4625,349.1,electronics,9,2,14.7,2,0,1,48,205,0
4626,490.61,online_retail,4,2,22.6,1,0,1,50,155,1
4627,49.35,grocery,11,6,7.3,3,0,1,67,203,0
4628,84.32,gas_station,19,2,11.6,2,1,1,36,96,0
4629,125.52,electronics,16,4,7.2,1,1,0,70,195,0
4630,86.74,electronics,13,2,6.7,4,0,1,80,49,0
4631,16.33,travel,13,0,9.4,0,0,1,27,2,0
4632,45.89,electronics,2,1,4.8,2,1,1,42,222,0
4633,195.58,electronics,11,0,3.0,0,1,1,54,188,0
4634,238.16,online_retail,19,3,12.2,1,1,1,30,194,0
4635,18.72,grocery,17,5,27.8,3,0,1,23,103,0
4636,366.36,restaurant,11,4,2.5,0,0,1,47,59,0
4637,48.85,grocery,1,4,0.5,2,0,1,40,221,0
4638,131.28,travel,1,3,4.3,1,1,1,53,60,0
4639,168.23,grocery,16,6,58.5,2,1,1,33,22,0
4640,201.52,electronics,9,0,26.5,2,0,0,25,89,0
4641,350.7,travel,17,0,13.6,3,1,1,33,106,0
4642,46.04,grocery,21,3,39.7,2,1,1,28,174,0
4643,1028.8,travel,18,6,30.3,0,1,1,71,53,1
4644,17.94,restaurant,20,5,61.4,1,0,1,76,19,0
4645,147.51,grocery,0,2,5.3,1,1,1,18,49,0
4646,558.02,gas_station,23,6,14.2,3,1,1,39,208,1
4647,136.88,electronics,3,2,15.2,1,1,1,35,17,0
4648,35.89,travel,3,1,7.1,0,1,1,53,127,0
4649,248.67,gas_station,1,0,14.8,0,1,1,28,155,0
4650,23.19,gas_station,18,0,5.5,2,1,1,37,235,0
4651,22.86,online_retail,20,3,75.3,3,0,1,27,19,1
4652,152.67,travel,11,3,4.8,2,1,1,65,235,0
4653,78.43,gas_station,9,2,0.8,0,1,1,78,234,0
4654,227.93,online_retail,12,6,36.5,0,0,1,27,30,0
4655,59.02,gas_station,21,0,32.2,1,1,1,54,78,0
4656,23.11,electronics,22,0,53.0,2,1,1,75,174,0
4657,218.27,restaurant,19,4,18.9,2,1,1,77,106,0
4658,96.53,online_retail,22,1,17.2,2,0,1,67,64,0
4659,26.17,restaurant,14,1,12.3,1,0,1,39,32,0
4660,153.92,travel,2,2,2.0,1,1,0,28,181,0
4661,86.88,electronics,22,5,3.1,2,1,1,52,151,0
4662,112.26,online_retail,19,6,5.1,1,0,1,26,36,0
4663,75.14,travel,12,0,33.1,3,1,1,32,10,0
4664,212.73,gas_station,7,4,2.8,1,0,1,71,59,0
4665,213.33,grocery,6,6,38.4,3,1,1,68,102,0
4666,149.29,travel,23,0,11.1,0,1,1,36,118,0
4667,14.37,restaurant,7,3,18.9,0,1,1,54,157,0
4668,220.05,electronics,17,6,1.8,1,1,1,23,11,0
4669,134.41,electronics,8,2,4.7,1,1,0,53,166,0
4670,144.29,travel,5,6,47.7,1,1,1,61,79,0
4671,55.12,gas_station,3,5,4.6,1,1,1,22,160,0
4672,254.71,grocery,14,6,5.3,2,1,1,20,91,0
4673,156.08,restaurant,4,6,3.3,1,1,1,27,102,0
4674,15.33,travel,4,6,2.1,1,1,1,30,180,0
4675,63.86,travel,6,1,4.0,0,0,1,21,129,0
4676,261.99,electronics,8,0,15.4,2,0,1,73,233,0
4677,6.8,restaurant,6,5,9.1,0,1,0,57,14,0
4678,391.59,grocery,8,2,12.1,0,1,1,50,131,0
4679,137.42,electronics,19,1,2.0,1,1,1,69,30,0
4680,120.76,travel,9,0,24.3,0,1,1,51,159,0
4681,38.86,electronics,3,4,23.0,1,1,1,53,129,0
4682,35.33,electronics,5,2,0.3,1,1,1,70,174,0
4683,342.8,online_retail,23,0,7.3,0,0,0,50,142,0
4684,43.51,electronics,13,1,1.1,1,1,1,77,164,0
4685,180.27,gas_station,8,1,23.6,0,1,1,38,174,0
4686,60.93,electronics,0,4,20.0,0,0,1,56,183,0
4687,18.99,gas_station,16,2,34.8,1,1,0,22,164,0
4688,2.29,restaurant,12,2,4.0,2,1,1,72,171,0
4689,95.3,electronics,23,5,9.1,1,1,1,62,105,0
4690,447.46,grocery,6,0,3.1,0,0,1,74,43,0
4691,56.28,gas_station,8,5,7.0,1,1,1,30,143,0
4692,54.03,gas_station,10,1,11.1,0,1,1,57,38,0
4693,51.61,travel,2,1,0.8,0,0,1,34,89,0
4694,89.21,restaurant,11,6,18.8,0,1,1,79,44,0
4695,70.72,electronics,20,4,11.8,1,0,1,80,109,0
4696,255.35,grocery,2,4,26.5,0,1,1,27,55,0
4697,85.51,travel,14,2,4.8,0,0,1,27,55,0
4698,86.05,restaurant,20,5,35.0,0,0,1,19,78,0
4699,18.87,gas_station,9,1,99.6,0,1,1,55,216,0
4700,488.12,grocery,0,6,37.8,1,1,1,38,186,0
4701,35.52,electronics,13,0,22.6,1,0,1,18,107,0
4702,10.14,online_retail,19,6,25.1,1,1,1,47,57,0
4703,131.57,online_retail,5,3,12.8,0,1,1,35,184,0
4704,109.57,restaurant,1,0,3.2,0,0,1,52,130,0
4705,65.37,grocery,22,4,17.0,2,1,1,75,124,0
4706,66.82,travel,7,0,18.7,1,1,1,70,162,0
4707,185.49,grocery,0,1,63.4,0,1,1,56,49,0
4708,27.14,gas_station,3,5,11.7,1,1,0,65,64,0
4709,206.94,online_retail,3,6,4.7,1,1,0,39,87,0
4710,126.55,restaurant,4,2,17.3,4,1,1,20,136,0
4711,66.15,electronics,19,5,58.2,0,0,1,23,69,0
4712,74.51,grocery,8,3,2.9,2,1,1,53,186,0
4713,36.59,online_retail,22,2,5.9,1,1,0,33,221,0
4714,699.71,travel,12,3,37.9,0,0,1,20,171,1
4715,87.31,restaurant,17,3,2.8,0,1,1,53,62,0
4716,47.43,electronics,16,1,0.3,2,1,1,28,121,0
4717,109.78,grocery,0,1,6.2,2,0,1,73,52,0
4718,655.86,travel,21,4,30.1,1,1,1,34,33,0
4719,69.57,electronics,14,4,0.7,1,1,1,36,20,0
4720,305.13,gas_station,1,3,8.4,0,1,1,75,208,0
4721,51.78,online_retail,15,5,21.5,3,1,1,80,229,0
4722,7.75,gas_station,19,4,45.9,1,0,1,77,187,0
4723,28.42,online_retail,21,1,63.5,2,1,1,25,188,0
4724,66.1,travel,4,4,8.2,1,1,1,77,191,0
4725,30.76,gas_station,21,3,45.1,0,0,1,31,112,0
4726,1.03,online_retail,18,6,0.5,0,1,1,43,184,0
4727,296.81,restaurant,4,2,20.6,0,1,1,65,37,0
4728,223.86,travel,1,5,15.4,2,1,1,42,188,0
4729,163.71,online_retail,6,5,4.3,1,1,1,68,106,0
4730,23.04,grocery,2,0,10.6,0,1,1,65,105,0
4731,78.87,online_retail,16,4,11.7,1,1,1,74,216,1
4732,9.4,gas_station,23,5,30.8,1,1,1,27,51,0
4733,155.5,restaurant,23,6,6.6,3,1,1,49,29,0
4734,318.08,electronics,2,6,14.8,0,1,1,32,227,0
4735,68.57,electronics,12,1,2.6,3,0,1,76,137,0
4736,16.22,online_retail,6,2,3.5,3,1,1,75,86,0
4737,87.19,electronics,23,1,72.3,3,1,1,21,212,0
4738,52.48,online_retail,2,4,21.0,2,1,1,45,40,0
4739,57.37,restaurant,14,3,49.0,3,1,1,21,196,0
4740,117.53,electronics,17,6,5.3,0,1,1,78,171,0
4741,153.21,gas_station,9,6,2.7,0,0,1,30,100,0
4742,15.07,gas_station,22,0,10.5,2,0,1,29,204,0
4743,5.35,grocery,6,0,10.2,1,1,1,32,23,0
4744,621.71,online_retail,8,6,2.9,3,1,1,46,103,0
4745,32.79,electronics,4,2,19.8,1,1,1,40,8,0
4746,7.64,gas_station,19,5,6.7,1,1,1,30,74,0
4747,26.27,restaurant,7,5,3.1,0,1,1,55,64,0
4748,5.77,restaurant,13,6,6.1,0,1,1,75,151,0
4749,60.67,grocery,3,5,12.4,2,1,1,63,93,0
4750,195.58,restaurant,19,0,19.4,0,1,1,80,120,0
4751,51.09,restaurant,13,3,9.9,1,1,1,52,109,0
4752,71.48,electronics,11,5,11.2,0,0,1,57,96,0
4753,136.09,online_retail,1,1,2.2,2,0,1,29,184,0
4754,86.33,travel,12,6,36.9,2,1,1,47,142,0
4755,238.18,restaurant,0,5,39.6,0,1,1,63,80,0
4756,242.22,restaurant,19,3,17.3,1,1,1,22,103,0
4757,2.2,travel,6,6,0.3,1,0,1,19,240,0
4758,181.63,restaurant,8,2,11.6,2,0,1,59,17,0
4759,75.11,electronics,16,2,14.9,0,0,1,47,20,0
4760,540.46,electronics,20,0,78.5,2,1,1,52,115,0
4761,80.22,travel,22,3,83.1,1,1,1,72,12,0
4762,521.18,gas_station,12,1,29.2,2,1,1,27,201,0
4763,169.57,restaurant,22,3,1.0,0,1,1,26,124,0
4764,35.3,gas_station,9,1,46.0,0,1,0,34,122,0
4765,93.77,restaurant,15,1,14.2,2,1,1,77,72,0
4766,582.45,online_retail,5,3,24.2,1,0,1,55,169,0
4767,234.84,restaurant,15,6,7.8,1,0,1,76,229,0
4768,13.29,electronics,10,4,5.8,1,1,1,47,85,0
4769,148.05,grocery,19,3,9.3,3,0,1,58,234,0
4770,51.88,grocery,2,6,2.4,1,1,1,72,160,0
4771,1.84,grocery,8,1,6.6,3,0,1,52,165,0
4772,63.0,grocery,14,6,29.2,2,0,1,24,110,0
4773,33.11,gas_station,12,6,0.6,0,1,1,29,18,0
4774,206.02,gas_station,9,5,2.5,1,1,1,67,29,0
4775,50.38,restaurant,19,2,2.0,2,1,1,59,135,0
4776,211.9,gas_station,23,2,7.7,2,0,1,51,40,0
4777,1.07,restaurant,12,0,87.1,0,1,1,66,101,0
4778,45.15,online_retail,16,2,2.9,1,0,1,80,120,0
4779,34.12,restaurant,6,4,2.4,0,1,1,20,134,0
4780,32.92,grocery,5,1,37.0,1,1,1,50,148,0
4781,9.47,travel,12,3,32.1,3,0,1,57,55,0
4782,25.86,travel,16,3,0.5,1,1,1,30,184,0
4783,98.31,electronics,14,4,20.9,0,1,0,28,73,0
4784,42.33,electronics,3,2,16.0,0,1,0,57,181,0
4785,65.83,restaurant,14,1,21.9,1,1,1,37,201,0
4786,57.76,travel,13,2,10.2,1,1,0,48,200,0
4787,251.4,grocery,20,6,71.3,1,1,1,50,209,0
4788,283.84,gas_station,10,0,0.7,0,1,1,51,88,0
4789,82.5,grocery,23,2,4.0,3,0,1,67,232,0
4790,49.09,grocery,3,0,7.6,3,1,1,67,125,0
4791,14.55,restaurant,2,3,9.0,2,0,1,26,215,0
4792,368.95,restaurant,1,1,38.1,2,1,1,24,161,0
4793,8.45,online_retail,19,5,12.3,0,1,1,26,22,0
4794,43.4,grocery,9,6,0.7,1,1,1,59,50,0
4795,43.47,grocery,12,0,7.9,1,1,1,43,239,0
4796,47.35,restaurant,19,2,8.1,0,1,1,19,214,0
4797,22.54,restaurant,20,6,50.5,0,1,0,22,27,0
4798,184.43,online_retail,22,2,13.7,2,0,1,66,48,0
4799,16.68,online_retail,17,6,15.1,0,1,1,19,66,0
4800,121.91,electronics,20,3,18.7,2,1,1,69,223,0
4801,64.18,travel,15,4,92.3,1,1,1,27,141,1
4802,9.78,grocery,10,6,15.1,0,0,0,48,130,0
4803,289.2,grocery,9,5,4.1,1,1,1,50,46,0
4804,26.31,online_retail,8,4,31.1,3,0,1,61,71,0
4805,207.61,online_retail,11,2,19.8,1,1,1,73,128,0
4806,95.4,electronics,18,4,20.3,3,1,0,64,11,0
4807,30.46,travel,0,6,369.7,2,1,0,23,239,1
4808,374.33,electronics,17,5,24.3,4,0,1,31,26,0
4809,35.04,travel,13,5,26.5,2,1,1,31,191,0
4810,236.63,gas_station,21,1,45.4,0,1,1,32,49,0
4811,23.19,grocery,20,4,2.5,0,1,1,50,63,0
4812,231.85,electronics,0,1,10.3,0,1,1,74,21,0
4813,2.6,online_retail,16,2,13.0,1,1,1,48,177,0
4814,87.04,electronics,10,2,6.0,0,1,1,34,79,0
4815,177.07,gas_station,19,2,27.4,1,1,0,60,80,0
4816,1409.31,electronics,14,3,112.9,0,0,1,32,9,1
4817,288.89,grocery,3,4,19.1,0,1,0,37,149,0
4818,206.53,gas_station,14,0,87.9,0,1,1,65,181,0
4819,263.92,online_retail,21,5,4.5,1,1,1,38,116,0
4820,27.66,online_retail,21,0,19.9,1,0,1,46,120,0
4821,41.12,restaurant,13,2,12.0,0,1,0,76,55,0
4822,41.92,gas_station,21,6,5.6,1,1,1,26,41,0
4823,57.8,restaurant,0,6,2.6,0,1,1,46,6,0
4824,60.97,restaurant,8,4,33.9,1,1,1,61,1,0
4825,95.38,grocery,6,6,13.6,1,1,1,80,95,0
4826,21.91,electronics,22,1,26.1,3,1,1,51,192,0
4827,142.03,online_retail,10,0,11.8,1,1,1,64,133,0
4828,23.01,online_retail,22,6,3.7,0,0,1,77,229,0
4829,45.58,electronics,1,2,6.2,0,0,1,26,26,0
4830,84.98,online_retail,1,0,7.2,1,1,1,77,1,0
4831,192.02,electronics,5,0,54.1,1,1,0,65,1,0
4832,162.4,gas_station,22,5,0.1,6,0,1,47,93,0
4833,125.46,grocery,18,0,63.7,2,0,1,34,214,0
4834,21.32,grocery,19,2,59.0,1,1,1,69,38,0
4835,96.04,grocery,13,5,83.4,1,1,1,76,41,0
4836,11.98,electronics,2,2,9.7,0,0,1,72,211,0
4837,57.86,electronics,6,3,49.8,0,1,1,21,156,0
4838,65.03,travel,6,6,7.6,1,0,0,57,133,0
4839,5.88,online_retail,3,3,0.4,3,1,0,49,149,0
4840,39.42,online_retail,22,6,3.8,0,1,1,49,63,0
4841,374.88,travel,4,3,43.6,1,1,1,24,86,0
4842,369.54,travel,16,0,0.2,2,1,1,55,84,0
4843,53.12,grocery,3,4,11.8,5,1,1,49,140,0
4844,6.29,travel,22,2,1.2,3,0,1,22,134,0
4845,24.68,electronics,12,3,5.1,1,1,1,59,157,0
4846,60.75,restaurant,15,4,1.4,0,0,1,20,109,0
4847,355.27,electronics,15,3,29.4,2,1,1,73,104,0
4848,19.27,travel,1,6,13.4,0,1,1,37,189,0
4849,174.02,online_retail,17,3,34.9,1,1,1,73,35,0
4850,14.81,electronics,0,4,17.5,0,0,1,34,75,0
4851,2049.63,online_retail,17,3,134.8,1,1,1,33,125,1
4852,58.68,electronics,7,0,10.7,0,1,1,28,52,0
4853,180.12,online_retail,10,0,15.3,1,0,1,30,33,0
4854,51.33,gas_station,23,5,12.9,1,1,1,35,153,0
4855,119.56,electronics,23,0,9.9,0,0,1,31,14,0
4856,26.59,online_retail,14,1,28.1,3,0,1,51,221,0
4857,19.94,restaurant,15,5,15.5,3,1,1,29,53,0
4858,334.8,grocery,16,3,24.2,3,1,1,39,61,0
4859,300.61,electronics,16,1,23.2,1,0,1,38,13,0
4860,263.14,restaurant,11,2,3.2,2,1,1,78,15,0
4861,118.84,grocery,9,4,15.8,2,1,1,43,55,0
4862,199.2,electronics,19,2,3.3,1,1,1,59,181,0
4863,9.58,restaurant,5,1,13.1,1,1,1,78,200,0
4864,49.92,restaurant,7,0,17.0,0,0,1,56,47,0
4865,46.17,gas_station,12,6,88.4,0,0,1,19,173,0
4866,122.16,restaurant,1,3,0.5,0,0,1,74,97,0
4867,53.8,gas_station,18,5,1.4,0,0,1,67,75,0
4868,20.29,travel,21,6,1.2,3,1,1,66,192,0
4869,109.9,online_retail,9,6,7.6,1,0,1,33,15,0
4870,203.09,grocery,3,3,25.9,3,1,1,79,21,0
4871,58.78,online_retail,11,0,27.9,3,1,1,51,36,0
4872,18.02,online_retail,17,3,20.0,1,0,1,28,198,0
4873,27.28,gas_station,6,4,34.1,1,1,1,36,153,0
4874,33.54,online_retail,19,6,5.8,0,0,1,80,44,0
4875,43.78,restaurant,23,4,1.4,0,1,1,80,129,0
4876,124.53,gas_station,23,4,0.9,2,0,1,47,42,0
4877,111.24,online_retail,22,2,28.7,4,1,0,71,187,0
4878,143.92,gas_station,3,0,19.7,0,1,1,24,33,0
4879,154.09,travel,6,4,37.3,2,1,1,44,103,1
4880,209.47,gas_station,9,1,6.2,3,1,1,39,160,0
4881,28.39,electronics,14,4,7.2,1,1,1,34,194,0
4882,76.97,restaurant,11,5,47.6,2,0,0,32,153,0
4883,194.7,grocery,0,2,1.0,1,1,1,26,40,0
4884,24.84,electronics,19,1,22.3,1,1,1,29,186,0
4885,14.97,electronics,17,6,5.6,0,1,1,25,97,0
4886,259.17,electronics,15,0,0.6,0,1,1,77,115,0
4887,51.4,online_retail,4,0,20.4,1,1,0,19,102,0
4888,139.19,gas_station,18,5,6.0,1,1,1,66,203,0
4889,4.08,gas_station,3,6,19.2,1,1,1,65,64,0
4890,141.56,online_retail,5,4,18.4,3,0,1,72,147,0
4891,46.59,restaurant,16,1,11.5,1,1,1,33,217,0
4892,7.88,online_retail,6,5,22.5,0,1,1,20,28,0
4893,113.94,online_retail,23,1,13.0,0,1,1,68,202,0
4894,34.06,online_retail,22,4,5.1,1,1,1,65,223,0
4895,59.69,restaurant,6,6,19.9,2,0,1,48,80,0
4896,11.08,restaurant,8,4,13.3,1,1,1,60,112,0
4897,20.1,travel,12,3,0.2,2,1,1,43,170,0
4898,43.45,travel,19,3,34.8,1,1,1,58,210,0
4899,38.76,travel,13,4,26.3,4,0,1,63,86,1
4900,291.06,travel,15,2,30.4,1,1,1,19,178,0
4901,1.73,gas_station,22,5,32.2,1,1,1,47,227,0
4902,80.37,electronics,8,3,8.8,0,1,1,30,204,0
4903,16.78,electronics,14,4,10.6,1,1,1,54,106,0
4904,45.12,travel,4,1,8.1,1,1,1,69,220,0
4905,759.66,travel,17,5,19.1,2,0,1,31,48,1
4906,22.16,grocery,20,6,33.8,2,1,1,18,185,0
4907,909.44,electronics,19,3,111.8,1,0,1,49,9,1
4908,28.65,grocery,7,6,2.0,1,1,1,23,158,0
4909,163.37,grocery,14,2,14.1,1,1,1,39,146,0
4910,95.94,online_retail,20,5,82.5,4,0,1,28,173,0
4911,260.0,gas_station,8,5,13.6,0,1,1,66,216,0
4912,97.89,restaurant,18,0,23.1,3,1,1,40,110,0
4913,92.77,electronics,21,1,22.0,0,0,0,71,83,0
4914,27.1,travel,5,2,6.5,1,0,1,31,78,0
4915,22.82,travel,3,2,7.0,0,0,1,31,66,0
4916,298.93,restaurant,10,6,19.3,1,0,1,37,139,0
4917,48.67,electronics,9,2,10.4,1,1,1,24,90,0
4918,251.35,travel,2,1,37.8,2,1,1,36,72,1
4919,172.17,travel,0,2,18.7,2,0,1,43,195,0
4920,50.65,online_retail,11,0,22.5,2,0,1,76,15,0
4921,365.54,grocery,22,3,4.8,1,1,1,39,109,0
4922,161.7,travel,14,1,2.4,2,1,1,23,40,0
4923,110.19,gas_station,14,2,5.2,3,1,0,80,141,0
4924,256.33,electronics,20,4,10.6,2,1,1,30,208,0
4925,7.11,gas_station,13,3,6.3,1,1,1,27,86,0
4926,36.66,restaurant,6,6,12.6,1,0,1,71,33,0
4927,76.07,online_retail,16,5,0.8,0,1,1,80,126,0
4928,31.89,electronics,23,1,10.7,0,1,1,36,130,0
4929,164.46,online_retail,18,4,6.9,1,1,1,48,109,0
4930,302.91,grocery,6,5,11.5,0,1,1,27,221,0
4931,67.15,travel,2,4,8.2,4,1,1,54,110,0
4932,51.25,electronics,2,2,5.0,2,1,1,30,162,0
4933,1222.18,restaurant,17,1,191.1,1,1,1,34,16,1
4934,71.62,grocery,19,6,3.1,2,1,1,71,14,0
4935,81.58,grocery,21,2,17.2,0,1,1,72,231,0
4936,53.0,online_retail,13,5,38.8,0,1,1,22,46,0
4937,289.35,grocery,2,6,11.6,3,0,1,38,50,0
4938,101.99,electronics,6,0,31.4,0,0,1,78,113,0
4939,173.35,online_retail,6,4,2.0,1,0,1,71,133,0
4940,201.43,grocery,4,0,10.2,4,1,1,56,43,0
4941,51.2,restaurant,2,5,9.2,3,1,1,37,146,0
4942,69.23,gas_station,17,2,0.1,4,1,1,24,48,0
4943,227.44,electronics,14,6,8.8,0,0,1,32,192,0
4944,55.17,restaurant,19,6,6.9,1,1,1,32,154,0
4945,190.55,restaurant,13,6,16.6,0,0,1,70,202,0
4946,340.61,online_retail,3,3,41.8,0,1,0,40,198,0
4947,118.13,travel,23,4,1.3,2,1,1,50,142,0
4948,163.4,online_retail,7,3,6.0,0,1,1,75,194,0
4949,197.23,electronics,20,1,8.8,2,0,1,61,189,0
4950,224.75,electronics,12,4,9.1,0,1,1,19,219,0
4951,61.31,online_retail,21,0,22.4,3,1,1,67,201,0
4952,7.31,travel,7,3,8.8,1,0,0,49,205,0
4953,62.67,online_retail,14,5,0.4,0,1,1,32,21,0
4954,135.41,electronics,16,1,18.6,2,1,1,24,55,0
4955,207.1,travel,4,4,179.2,3,1,1,26,116,1
4956,166.86,electronics,19,6,10.8,0,1,1,72,108,0
4957,53.99,travel,3,5,13.1,1,1,1,45,2,0
4958,337.34,travel,10,1,9.2,0,0,0,39,131,1
4959,25.76,online_retail,17,0,3.7,2,1,1,20,13,0
4960,167.05,online_retail,9,6,4.0,1,0,1,70,21,0
4961,95.68,online_retail,16,5,8.5,0,1,1,59,161,0
4962,28.39,travel,14,4,39.5,2,1,1,19,148,0
4963,42.42,travel,5,1,11.1,1,0,1,74,125,0
4964,166.69,electronics,22,2,3.2,2,1,1,39,228,0
4965,80.07,restaurant,20,4,4.6,0,0,1,42,146,0
4966,30.21,online_retail,15,4,7.3,3,0,1,42,217,0
4967,411.34,gas_station,14,6,14.6,2,1,1,49,237,0
4968,151.68,electronics,7,4,8.7,1,1,1,61,38,0
4969,378.96,electronics,8,6,7.5,3,1,1,24,25,0
4970,67.85,grocery,10,4,12.5,0,0,0,79,166,0
4971,78.35,online_retail,1,2,4.2,2,1,1,48,143,0
4972,274.88,electronics,12,5,1.2,0,1,0,80,209,0
4973,90.35,grocery,3,5,0.4,0,1,1,54,238,0
4974,148.42,gas_station,8,5,4.3,2,1,1,21,228,0
4975,35.87,gas_station,4,0,1.4,1,1,0,50,157,0
4976,72.03,online_retail,18,2,6.1,0,1,1,32,97,0
4977,16.81,travel,21,2,22.2,3,0,1,26,192,0
4978,28.68,grocery,2,1,18.9,0,1,1,23,32,0
4979,1.11,travel,20,3,14.2,2,1,1,63,200,0
4980,5.81,gas_station,2,5,28.7,3,1,1,48,43,0
4981,455.16,gas_station,5,3,5.0,2,0,1,51,13,0
4982,34.3,restaurant,9,1,32.4,0,1,1,61,209,0
4983,131.63,restaurant,4,2,7.6,0,1,1,72,213,0
4984,220.24,restaurant,2,1,7.7,2,1,1,77,78,0
4985,97.0,restaurant,21,4,7.8,1,1,1,55,25,0
4986,20.95,electronics,23,1,1.5,2,1,1,30,49,0
4987,157.29,restaurant,6,1,55.6,2,1,1,53,88,0
4988,111.03,electronics,21,6,2.2,0,1,1,49,120,0
4989,158.68,electronics,17,4,6.3,2,1,1,39,225,0
4990,177.23,online_retail,22,6,5.8,0,0,1,65,136,0
4991,991.31,electronics,7,3,3.3,1,1,0,46,156,1
4992,103.27,electronics,0,4,2.5,1,0,1,28,211,0
4993,51.16,restaurant,3,0,0.7,1,1,1,23,126,0
4994,626.51,electronics,23,1,20.8,0,0,1,22,11,1
4995,9.51,travel,6,1,30.2,1,1,1,18,183,0
4996,274.23,restaurant,13,6,6.2,2,1,1,68,10,0
4997,16.26,grocery,12,3,2.0,0,0,1,56,59,0
4998,48.67,restaurant,9,6,15.6,0,1,1,67,65,0
4999,203.97,electronics,22,2,85.3,2,1,1,27,133,0
5000,110.15,travel,17,4,4.0,1,0,0,27,80,0
